{
    "WJetsToLNu": {
        "0": [
            {
                "low": 0,
                "up": 70,
                "value": 1.0
            },
            {
                "low": 70,
                "up": 100,
                "value": 0.0
            },
            {
                "low": 100,
                "up": 200,
                "value": 0.0
            },
            {
                "low": 200,
                "up": 400,
                "value": 0.0
            },
            {
                "low": 400,
                "up": 600,
                "value": 0.0
            },
            {
                "low": 600,
                "up": 800,
                "value": 0.0
            },
            {
                "low": 800,
                "up": 1200,
                "value": 0.0
            },
            {
                "low": 1200,
                "up": 2500,
                "value": 0.0
            },
            {
                "low": 2500,
                "up": 1000000,
                "value": 0.0
            }
        ],
        "1": [
            {
                "low": 0,
                "up": 70,
                "value": 0.17401642736568843
            },
            {
                "low": 70,
                "up": 100,
                "value": 0.045102715166086105
            },
            {
                "low": 100,
                "up": 200,
                "value": 0.04696245810641301
            },
            {
                "low": 200,
                "up": 400,
                "value": 0.018178954803469136
            },
            {
                "low": 400,
                "up": 600,
                "value": 0.012393210808494431
            },
            {
                "low": 600,
                "up": 800,
                "value": 0.0015856614678065378
            },
            {
                "low": 800,
                "up": 1200,
                "value": 0.001516145240925307
            },
            {
                "low": 1200,
                "up": 2500,
                "value": 6.379124593853337e-05
            },
            {
                "low": 2500,
                "up": 1000000,
                "value": 0.0
            }
        ],
        "2": [
            {
                "low": 0,
                "up": 70,
                "value": 0.1365293672588683
            },
            {
                "low": 70,
                "up": 100,
                "value": 0.04242274557801841
            },
            {
                "low": 100,
                "up": 200,
                "value": 0.04429757702681879
            },
            {
                "low": 200,
                "up": 400,
                "value": 0.018464355967191964
            },
            {
                "low": 400,
                "up": 600,
                "value": 0.011749070195634663
            },
            {
                "low": 600,
                "up": 800,
                "value": 0.000794352073301479
            },
            {
                "low": 800,
                "up": 1200,
                "value": 0.0008138341610379199
            },
            {
                "low": 1200,
                "up": 2500,
                "value": 0.00022830577132318421
            },
            {
                "low": 2500,
                "up": 1000000,
                "value": 6.454724955699752e-05
            }
        ],
        "3": [
            {
                "low": 0,
                "up": 70,
                "value": 0.08011963632547192
            },
            {
                "low": 70,
                "up": 100,
                "value": 0.03531321214311056
            },
            {
                "low": 100,
                "up": 200,
                "value": 0.03655555141847296
            },
            {
                "low": 200,
                "up": 400,
                "value": 0.01699050282718699
            },
            {
                "low": 400,
                "up": 600,
                "value": 0.011084034066004425
            },
            {
                "low": 600,
                "up": 800,
                "value": 0.0008724427045477015
            },
            {
                "low": 800,
                "up": 1200,
                "value": 0.0009001106008537868
            },
            {
                "low": 1200,
                "up": 2500,
                "value": 0.00021911374323966082
            },
            {
                "low": 2500,
                "up": 1000000,
                "value": 1.226852869511188e-05
            }
        ],
        "4": [
            {
                "low": 0,
                "up": 70,
                "value": 0.07171636137629402
            },
            {
                "low": 70,
                "up": 100,
                "value": 0.03262312174717659
            },
            {
                "low": 100,
                "up": 200,
                "value": 0.033274898281166074
            },
            {
                "low": 200,
                "up": 400,
                "value": 0.01637123386002234
            },
            {
                "low": 400,
                "up": 600,
                "value": 0.011015765562229003
            },
            {
                "low": 600,
                "up": 800,
                "value": 0.0009428727887534383
            },
            {
                "low": 800,
                "up": 1200,
                "value": 0.000953147088179173
            },
            {
                "low": 1200,
                "up": 2500,
                "value": 0.0002272180155038463
            },
            {
                "low": 2500,
                "up": 1000000,
                "value": 7.5015491080905545e-06
            }
        ]
    },
    "W1JetsToLNu": {
        "0": [
            {
                "low": 0,
                "up": 70,
                "value": 4.724858567535835
            },
            {
                "low": 70,
                "up": 100,
                "value": 0.0
            },
            {
                "low": 100,
                "up": 200,
                "value": 0.0
            },
            {
                "low": 200,
                "up": 400,
                "value": 0.0
            },
            {
                "low": 400,
                "up": 600,
                "value": 0.0
            },
            {
                "low": 600,
                "up": 800,
                "value": 0.0
            },
            {
                "low": 800,
                "up": 1200,
                "value": 0.0
            },
            {
                "low": 1200,
                "up": 2500,
                "value": 0.0
            },
            {
                "low": 2500,
                "up": 1000000,
                "value": 0.0
            }
        ],
        "1": [
            {
                "low": 0,
                "up": 70,
                "value": 0.8222030077307504
            },
            {
                "low": 70,
                "up": 100,
                "value": 0.2131039501716104
            },
            {
                "low": 100,
                "up": 200,
                "value": 0.22189097253662826
            },
            {
                "low": 200,
                "up": 400,
                "value": 0.08589299035201788
            },
            {
                "low": 400,
                "up": 600,
                "value": 0.058556168267792634
            },
            {
                "low": 600,
                "up": 800,
                "value": 0.007492026171377169
            },
            {
                "low": 800,
                "up": 1200,
                "value": 0.007163571831214621
            },
            {
                "low": 1200,
                "up": 2500,
                "value": 0.000301404614906465
            },
            {
                "low": 2500,
                "up": 1000000,
                "value": 0.0
            }
        ],
        "2": [
            {
                "low": 0,
                "up": 70,
                "value": 0.6450819506133105
            },
            {
                "low": 70,
                "up": 100,
                "value": 0.2004414729026933
            },
            {
                "low": 100,
                "up": 200,
                "value": 0.20929978633624335
            },
            {
                "low": 200,
                "up": 400,
                "value": 0.08724147048561838
            },
            {
                "low": 400,
                "up": 600,
                "value": 0.055512694974424376
            },
            {
                "low": 600,
                "up": 800,
                "value": 0.0037532011991783477
            },
            {
                "low": 800,
                "up": 1200,
                "value": 0.0038452513083333546
            },
            {
                "low": 1200,
                "up": 2500,
                "value": 0.0010787124796542242
            },
            {
                "low": 2500,
                "up": 1000000,
                "value": 0.0003049766250802534
            }
        ],
        "3": [
            {
                "low": 0,
                "up": 70,
                "value": 0.3785539501202614
            },
            {
                "low": 70,
                "up": 100,
                "value": 0.16684993294158645
            },
            {
                "low": 100,
                "up": 200,
                "value": 0.17271981031056874
            },
            {
                "low": 200,
                "up": 400,
                "value": 0.08027772284977629
            },
            {
                "low": 400,
                "up": 600,
                "value": 0.05237049331962007
            },
            {
                "low": 600,
                "up": 800,
                "value": 0.004122168387266343
            },
            {
                "low": 800,
                "up": 1200,
                "value": 0.004252895284173844
            },
            {
                "low": 1200,
                "up": 2500,
                "value": 0.0010352814470107588
            },
            {
                "low": 2500,
                "up": 1000000,
                "value": 5.7967062916158614e-05
            }
        ],
        "4": [
            {
                "low": 0,
                "up": 70,
                "value": 0.3388496644812789
            },
            {
                "low": 70,
                "up": 100,
                "value": 0.15413963628691196
            },
            {
                "low": 100,
                "up": 200,
                "value": 0.15721918822765096
            },
            {
                "low": 200,
                "up": 400,
                "value": 0.07735176456465932
            },
            {
                "low": 400,
                "up": 600,
                "value": 0.052047934294663915
            },
            {
                "low": 600,
                "up": 800,
                "value": 0.004454940574038089
            },
            {
                "low": 800,
                "up": 1200,
                "value": 0.0045034851857052
            },
            {
                "low": 1200,
                "up": 2500,
                "value": 0.0010735729872518387
            },
            {
                "low": 2500,
                "up": 1000000,
                "value": 3.544375857315246e-05
            }
        ]
    },
    "W2JetsToLNu": {
        "0": [
            {
                "low": 0,
                "up": 70,
                "value": 6.2533226261517925
            },
            {
                "low": 70,
                "up": 100,
                "value": 0.0
            },
            {
                "low": 100,
                "up": 200,
                "value": 0.0
            },
            {
                "low": 200,
                "up": 400,
                "value": 0.0
            },
            {
                "low": 400,
                "up": 600,
                "value": 0.0
            },
            {
                "low": 600,
                "up": 800,
                "value": 0.0
            },
            {
                "low": 800,
                "up": 1200,
                "value": 0.0
            },
            {
                "low": 1200,
                "up": 2500,
                "value": 0.0
            },
            {
                "low": 2500,
                "up": 1000000,
                "value": 0.0
            }
        ],
        "1": [
            {
                "low": 0,
                "up": 70,
                "value": 1.0881808625679594
            },
            {
                "low": 70,
                "up": 100,
                "value": 0.2820418292489658
            },
            {
                "low": 100,
                "up": 200,
                "value": 0.2936714018565381
            },
            {
                "low": 200,
                "up": 400,
                "value": 0.11367886939232436
            },
            {
                "low": 400,
                "up": 600,
                "value": 0.07749874555942717
            },
            {
                "low": 600,
                "up": 800,
                "value": 0.009915652734051685
            },
            {
                "low": 800,
                "up": 1200,
                "value": 0.009480945339610582
            },
            {
                "low": 1200,
                "up": 2500,
                "value": 0.00039890724157784437
            },
            {
                "low": 2500,
                "up": 1000000,
                "value": 0.0
            }
        ],
        "2": [
            {
                "low": 0,
                "up": 70,
                "value": 0.8537621814140689
            },
            {
                "low": 70,
                "up": 100,
                "value": 0.2652831147865034
            },
            {
                "low": 100,
                "up": 200,
                "value": 0.27700704070550775
            },
            {
                "low": 200,
                "up": 400,
                "value": 0.11546357494696236
            },
            {
                "low": 400,
                "up": 600,
                "value": 0.0734707264906079
            },
            {
                "low": 600,
                "up": 800,
                "value": 0.004967339793106726
            },
            {
                "low": 800,
                "up": 1200,
                "value": 0.0050891675731536854
            },
            {
                "low": 1200,
                "up": 2500,
                "value": 0.001427669645496305
            },
            {
                "low": 2500,
                "up": 1000000,
                "value": 0.0004036347761106388
            }
        ],
        "3": [
            {
                "low": 0,
                "up": 70,
                "value": 0.5010139346331266
            },
            {
                "low": 70,
                "up": 100,
                "value": 0.2208249084966115
            },
            {
                "low": 100,
                "up": 200,
                "value": 0.22859365679659222
            },
            {
                "low": 200,
                "up": 400,
                "value": 0.1062470957589444
            },
            {
                "low": 400,
                "up": 600,
                "value": 0.06931204101398272
            },
            {
                "low": 600,
                "up": 800,
                "value": 0.005455665704369205
            },
            {
                "low": 800,
                "up": 1200,
                "value": 0.00562868198635807
            },
            {
                "low": 1200,
                "up": 2500,
                "value": 0.0013701889283013852
            },
            {
                "low": 2500,
                "up": 1000000,
                "value": 7.671906807873564e-05
            }
        ],
        "4": [
            {
                "low": 0,
                "up": 70,
                "value": 0.44846554525965787
            },
            {
                "low": 70,
                "up": 100,
                "value": 0.20400290535732396
            },
            {
                "low": 100,
                "up": 200,
                "value": 0.20807867430451518
            },
            {
                "low": 200,
                "up": 400,
                "value": 0.10237460711490004
            },
            {
                "low": 400,
                "up": 600,
                "value": 0.06888513603467034
            },
            {
                "low": 600,
                "up": 800,
                "value": 0.005896087743494714
            },
            {
                "low": 800,
                "up": 1200,
                "value": 0.0059603362525615195
            },
            {
                "low": 1200,
                "up": 2500,
                "value": 0.0014208675574195109
            },
            {
                "low": 2500,
                "up": 1000000,
                "value": 4.690960676881146e-05
            }
        ]
    },
    "W3JetsToLNu": {
        "0": [
            {
                "low": 0,
                "up": 70,
                "value": 10.980744974063702
            },
            {
                "low": 70,
                "up": 100,
                "value": 0.0
            },
            {
                "low": 100,
                "up": 200,
                "value": 0.0
            },
            {
                "low": 200,
                "up": 400,
                "value": 0.0
            },
            {
                "low": 400,
                "up": 600,
                "value": 0.0
            },
            {
                "low": 600,
                "up": 800,
                "value": 0.0
            },
            {
                "low": 800,
                "up": 1200,
                "value": 0.0
            },
            {
                "low": 1200,
                "up": 2500,
                "value": 0.0
            },
            {
                "low": 2500,
                "up": 1000000,
                "value": 0.0
            }
        ],
        "1": [
            {
                "low": 0,
                "up": 70,
                "value": 1.9108300102003044
            },
            {
                "low": 70,
                "up": 100,
                "value": 0.4952614128766267
            },
            {
                "low": 100,
                "up": 200,
                "value": 0.5156827758216718
            },
            {
                "low": 200,
                "up": 400,
                "value": 0.1996184665919249
            },
            {
                "low": 400,
                "up": 600,
                "value": 0.13608668729788717
            },
            {
                "low": 600,
                "up": 800,
                "value": 0.01741174419318311
            },
            {
                "low": 800,
                "up": 1200,
                "value": 0.016648404234241167
            },
            {
                "low": 1200,
                "up": 2500,
                "value": 0.0007004754032288119
            },
            {
                "low": 2500,
                "up": 1000000,
                "value": 0.0
            }
        ],
        "2": [
            {
                "low": 0,
                "up": 70,
                "value": 1.4991941633399155
            },
            {
                "low": 70,
                "up": 100,
                "value": 0.46583335029180883
            },
            {
                "low": 100,
                "up": 200,
                "value": 0.4864203963004401
            },
            {
                "low": 200,
                "up": 400,
                "value": 0.20275238398606626
            },
            {
                "low": 400,
                "up": 600,
                "value": 0.12901354350063696
            },
            {
                "low": 600,
                "up": 800,
                "value": 0.008722577536542297
            },
            {
                "low": 800,
                "up": 1200,
                "value": 0.008936505373538487
            },
            {
                "low": 1200,
                "up": 2500,
                "value": 0.002506967451006792
            },
            {
                "low": 2500,
                "up": 1000000,
                "value": 0.0007087768861626359
            }
        ],
        "3": [
            {
                "low": 0,
                "up": 70,
                "value": 0.8797732939047375
            },
            {
                "low": 70,
                "up": 100,
                "value": 0.3877653767585066
            },
            {
                "low": 100,
                "up": 200,
                "value": 0.4014071875125242
            },
            {
                "low": 200,
                "up": 400,
                "value": 0.18656837852644864
            },
            {
                "low": 400,
                "up": 600,
                "value": 0.12171095136262895
            },
            {
                "low": 600,
                "up": 800,
                "value": 0.009580070843120717
            },
            {
                "low": 800,
                "up": 1200,
                "value": 0.00988388495642668
            },
            {
                "low": 1200,
                "up": 2500,
                "value": 0.00240603213482719
            },
            {
                "low": 2500,
                "up": 1000000,
                "value": 0.00013471758480800608
            }
        ],
        "4": [
            {
                "low": 0,
                "up": 70,
                "value": 0.7874990747408768
            },
            {
                "low": 70,
                "up": 100,
                "value": 0.3582261801635776
            },
            {
                "low": 100,
                "up": 200,
                "value": 0.36538317206339527
            },
            {
                "low": 200,
                "up": 400,
                "value": 0.1797683439276618
            },
            {
                "low": 400,
                "up": 600,
                "value": 0.12096131233291013
            },
            {
                "low": 600,
                "up": 800,
                "value": 0.010353445636285744
            },
            {
                "low": 800,
                "up": 1200,
                "value": 0.010466265098066906
            },
            {
                "low": 1200,
                "up": 2500,
                "value": 0.0024950230817605886
            },
            {
                "low": 2500,
                "up": 1000000,
                "value": 8.23725976663574e-05
            }
        ]
    },
    "W4JetsToLNu": {
        "0": [
            {
                "low": 0,
                "up": 70,
                "value": 13.867886664774538
            },
            {
                "low": 70,
                "up": 100,
                "value": 0.0
            },
            {
                "low": 100,
                "up": 200,
                "value": 0.0
            },
            {
                "low": 200,
                "up": 400,
                "value": 0.0
            },
            {
                "low": 400,
                "up": 600,
                "value": 0.0
            },
            {
                "low": 600,
                "up": 800,
                "value": 0.0
            },
            {
                "low": 800,
                "up": 1200,
                "value": 0.0
            },
            {
                "low": 1200,
                "up": 2500,
                "value": 0.0
            },
            {
                "low": 2500,
                "up": 1000000,
                "value": 0.0
            }
        ],
        "1": [
            {
                "low": 0,
                "up": 70,
                "value": 2.4132400925163373
            },
            {
                "low": 70,
                "up": 100,
                "value": 0.6254793421968898
            },
            {
                "low": 100,
                "up": 200,
                "value": 0.6512700465189578
            },
            {
                "low": 200,
                "up": 400,
                "value": 0.25210368489856866
            },
            {
                "low": 400,
                "up": 600,
                "value": 0.17186764290485956
            },
            {
                "low": 600,
                "up": 800,
                "value": 0.021989773524241106
            },
            {
                "low": 800,
                "up": 1200,
                "value": 0.021025730368489443
            },
            {
                "low": 1200,
                "up": 2500,
                "value": 0.0008846497688803399
            },
            {
                "low": 2500,
                "up": 1000000,
                "value": 0.0
            }
        ],
        "2": [
            {
                "low": 0,
                "up": 70,
                "value": 1.8933737915593654
            },
            {
                "low": 70,
                "up": 100,
                "value": 0.5883138276845246
            },
            {
                "low": 100,
                "up": 200,
                "value": 0.6143137777320432
            },
            {
                "low": 200,
                "up": 400,
                "value": 0.2560615958910716
            },
            {
                "low": 400,
                "up": 600,
                "value": 0.16293477388954192
            },
            {
                "low": 600,
                "up": 800,
                "value": 0.011015984524473587
            },
            {
                "low": 800,
                "up": 1200,
                "value": 0.011286159909195742
            },
            {
                "low": 1200,
                "up": 2500,
                "value": 0.0031661185616238515
            },
            {
                "low": 2500,
                "up": 1000000,
                "value": 0.00089513394137936
            }
        ],
        "3": [
            {
                "low": 0,
                "up": 70,
                "value": 1.1110900361845977
            },
            {
                "low": 70,
                "up": 100,
                "value": 0.4897196237697972
            },
            {
                "low": 100,
                "up": 200,
                "value": 0.5069482440397212
            },
            {
                "low": 200,
                "up": 400,
                "value": 0.23562236758496052
            },
            {
                "low": 400,
                "up": 600,
                "value": 0.15371212821584945
            },
            {
                "low": 600,
                "up": 800,
                "value": 0.0120989365481769
            },
            {
                "low": 800,
                "up": 1200,
                "value": 0.012482631798402427
            },
            {
                "low": 1200,
                "up": 2500,
                "value": 0.0030386445579421244
            },
            {
                "low": 2500,
                "up": 1000000,
                "value": 0.0001701385654873458
            }
        ],
        "4": [
            {
                "low": 0,
                "up": 70,
                "value": 0.9945543715764595
            },
            {
                "low": 70,
                "up": 100,
                "value": 0.45241375504098646
            },
            {
                "low": 100,
                "up": 200,
                "value": 0.4614525181451121
            },
            {
                "low": 200,
                "up": 400,
                "value": 0.22703441573330918
            },
            {
                "low": 400,
                "up": 600,
                "value": 0.15276538834271816
            },
            {
                "low": 600,
                "up": 800,
                "value": 0.013075652973732586
            },
            {
                "low": 800,
                "up": 1200,
                "value": 0.013218135793728632
            },
            {
                "low": 1200,
                "up": 2500,
                "value": 0.0031510336872023247
            },
            {
                "low": 2500,
                "up": 1000000,
                "value": 0.00010403063284124033
            }
        ]
    },
    "WJetsToLNu_HT-70To100": {
        "0": [
            {
                "low": 0,
                "up": 70,
                "value": 16.294943691094026
            },
            {
                "low": 70,
                "up": 100,
                "value": 0.0
            },
            {
                "low": 100,
                "up": 200,
                "value": 0.0
            },
            {
                "low": 200,
                "up": 400,
                "value": 0.0
            },
            {
                "low": 400,
                "up": 600,
                "value": 0.0
            },
            {
                "low": 600,
                "up": 800,
                "value": 0.0
            },
            {
                "low": 800,
                "up": 1200,
                "value": 0.0
            },
            {
                "low": 1200,
                "up": 2500,
                "value": 0.0
            },
            {
                "low": 2500,
                "up": 1000000,
                "value": 0.0
            }
        ],
        "1": [
            {
                "low": 0,
                "up": 70,
                "value": 2.8355878852492467
            },
            {
                "low": 70,
                "up": 100,
                "value": 0.7349462039468257
            },
            {
                "low": 100,
                "up": 200,
                "value": 0.7652506104393623
            },
            {
                "low": 200,
                "up": 400,
                "value": 0.29622504488547285
            },
            {
                "low": 400,
                "up": 600,
                "value": 0.20194667227627464
            },
            {
                "low": 600,
                "up": 800,
                "value": 0.02583826433104504
            },
            {
                "low": 800,
                "up": 1200,
                "value": 0.024705501328398067
            },
            {
                "low": 1200,
                "up": 2500,
                "value": 0.0010394747605531318
            },
            {
                "low": 2500,
                "up": 1000000,
                "value": 0.0
            }
        ],
        "2": [
            {
                "low": 0,
                "up": 70,
                "value": 2.2247383516639556
            },
            {
                "low": 70,
                "up": 100,
                "value": 0.6912762504154182
            },
            {
                "low": 100,
                "up": 200,
                "value": 0.7218265233039125
            },
            {
                "low": 200,
                "up": 400,
                "value": 0.300875640777709
            },
            {
                "low": 400,
                "up": 600,
                "value": 0.19145043726057792
            },
            {
                "low": 600,
                "up": 800,
                "value": 0.012943922305351397
            },
            {
                "low": 800,
                "up": 1200,
                "value": 0.013261381828001653
            },
            {
                "low": 1200,
                "up": 2500,
                "value": 0.0037202296880630764
            },
            {
                "low": 2500,
                "up": 1000000,
                "value": 0.0010517937969462684
            }
        ],
        "3": [
            {
                "low": 0,
                "up": 70,
                "value": 1.3055449624744966
            },
            {
                "low": 70,
                "up": 100,
                "value": 0.5754268034236444
            },
            {
                "low": 100,
                "up": 200,
                "value": 0.5956706519609093
            },
            {
                "low": 200,
                "up": 400,
                "value": 0.27685928685238587
            },
            {
                "low": 400,
                "up": 600,
                "value": 0.18061371097571008
            },
            {
                "low": 600,
                "up": 800,
                "value": 0.014216404744310579
            },
            {
                "low": 800,
                "up": 1200,
                "value": 0.014667251556669269
            },
            {
                "low": 1200,
                "up": 2500,
                "value": 0.003570446108035108
            },
            {
                "low": 2500,
                "up": 1000000,
                "value": 0.00019991498425941937
            }
        ],
        "4": [
            {
                "low": 0,
                "up": 70,
                "value": 1.1686140703568617
            },
            {
                "low": 70,
                "up": 100,
                "value": 0.5315919318979475
            },
            {
                "low": 100,
                "up": 200,
                "value": 0.5422125938184825
            },
            {
                "low": 200,
                "up": 400,
                "value": 0.266768333902796
            },
            {
                "low": 400,
                "up": 600,
                "value": 0.17950127955081432
            },
            {
                "low": 600,
                "up": 800,
                "value": 0.01536405900060207
            },
            {
                "low": 800,
                "up": 1200,
                "value": 0.015531478131209857
            },
            {
                "low": 1200,
                "up": 2500,
                "value": 0.0037025047682373055
            },
            {
                "low": 2500,
                "up": 1000000,
                "value": 0.0001222373203123122
            }
        ]
    },
    "WJetsToLNu_HT-100To200": {
        "0": [
            {
                "low": 0,
                "up": 70,
                "value": 15.239096890644518
            },
            {
                "low": 70,
                "up": 100,
                "value": 0.0
            },
            {
                "low": 100,
                "up": 200,
                "value": 0.0
            },
            {
                "low": 200,
                "up": 400,
                "value": 0.0
            },
            {
                "low": 400,
                "up": 600,
                "value": 0.0
            },
            {
                "low": 600,
                "up": 800,
                "value": 0.0
            },
            {
                "low": 800,
                "up": 1200,
                "value": 0.0
            },
            {
                "low": 1200,
                "up": 2500,
                "value": 0.0
            },
            {
                "low": 2500,
                "up": 1000000,
                "value": 0.0
            }
        ],
        "1": [
            {
                "low": 0,
                "up": 70,
                "value": 2.65185319718953
            },
            {
                "low": 70,
                "up": 100,
                "value": 0.6873246464471281
            },
            {
                "low": 100,
                "up": 200,
                "value": 0.7156654493064619
            },
            {
                "low": 200,
                "up": 400,
                "value": 0.2770308536207137
            },
            {
                "low": 400,
                "up": 600,
                "value": 0.1888613402968295
            },
            {
                "low": 600,
                "up": 800,
                "value": 0.024164048743665432
            },
            {
                "low": 800,
                "up": 1200,
                "value": 0.02310468422675033
            },
            {
                "low": 1200,
                "up": 2500,
                "value": 0.0009721209776322436
            },
            {
                "low": 2500,
                "up": 1000000,
                "value": 0.0
            }
        ],
        "2": [
            {
                "low": 0,
                "up": 70,
                "value": 2.0805842560762837
            },
            {
                "low": 70,
                "up": 100,
                "value": 0.6464843302305838
            },
            {
                "low": 100,
                "up": 200,
                "value": 0.6750550683324802
            },
            {
                "low": 200,
                "up": 400,
                "value": 0.2813801096073886
            },
            {
                "low": 400,
                "up": 600,
                "value": 0.17904521908626037
            },
            {
                "low": 600,
                "up": 800,
                "value": 0.012105208210325596
            },
            {
                "low": 800,
                "up": 1200,
                "value": 0.012402097632973254
            },
            {
                "low": 1200,
                "up": 2500,
                "value": 0.003479173769887335
            },
            {
                "low": 2500,
                "up": 1000000,
                "value": 0.0009836417900236966
            }
        ],
        "3": [
            {
                "low": 0,
                "up": 70,
                "value": 1.2209509008070687
            },
            {
                "low": 70,
                "up": 100,
                "value": 0.5381414613687464
            },
            {
                "low": 100,
                "up": 200,
                "value": 0.5570735899570471
            },
            {
                "low": 200,
                "up": 400,
                "value": 0.2589199188042721
            },
            {
                "low": 400,
                "up": 600,
                "value": 0.16891066907104593
            },
            {
                "low": 600,
                "up": 800,
                "value": 0.013295238906138372
            },
            {
                "low": 800,
                "up": 1200,
                "value": 0.013716872658707111
            },
            {
                "low": 1200,
                "up": 2500,
                "value": 0.0033390955633009964
            },
            {
                "low": 2500,
                "up": 1000000,
                "value": 0.0001869612974904625
            }
        ],
        "4": [
            {
                "low": 0,
                "up": 70,
                "value": 1.0928925796578208
            },
            {
                "low": 70,
                "up": 100,
                "value": 0.4971469131805163
            },
            {
                "low": 100,
                "up": 200,
                "value": 0.5070793989330304
            },
            {
                "low": 200,
                "up": 400,
                "value": 0.2494828190122807
            },
            {
                "low": 400,
                "up": 600,
                "value": 0.16787031872743294
            },
            {
                "low": 600,
                "up": 800,
                "value": 0.014368529783365846
            },
            {
                "low": 800,
                "up": 1200,
                "value": 0.01452510082779811
            },
            {
                "low": 1200,
                "up": 2500,
                "value": 0.0034625973535630824
            },
            {
                "low": 2500,
                "up": 1000000,
                "value": 0.00011431683368811992
            }
        ]
    },
    "WJetsToLNu_HT-200To400": {
        "0": [
            {
                "low": 0,
                "up": 70,
                "value": 46.478798620364
            },
            {
                "low": 70,
                "up": 100,
                "value": 0.0
            },
            {
                "low": 100,
                "up": 200,
                "value": 0.0
            },
            {
                "low": 200,
                "up": 400,
                "value": 0.0
            },
            {
                "low": 400,
                "up": 600,
                "value": 0.0
            },
            {
                "low": 600,
                "up": 800,
                "value": 0.0
            },
            {
                "low": 800,
                "up": 1200,
                "value": 0.0
            },
            {
                "low": 1200,
                "up": 2500,
                "value": 0.0
            },
            {
                "low": 2500,
                "up": 1000000,
                "value": 0.0
            }
        ],
        "1": [
            {
                "low": 0,
                "up": 70,
                "value": 8.088074484165032
            },
            {
                "low": 70,
                "up": 100,
                "value": 2.0963200154361536
            },
            {
                "low": 100,
                "up": 200,
                "value": 2.182758633045251
            },
            {
                "low": 200,
                "up": 400,
                "value": 0.8449359794391408
            },
            {
                "low": 400,
                "up": 600,
                "value": 0.5760215494277312
            },
            {
                "low": 600,
                "up": 800,
                "value": 0.07369964004225087
            },
            {
                "low": 800,
                "up": 1200,
                "value": 0.07046860933219061
            },
            {
                "low": 1200,
                "up": 2500,
                "value": 0.0029649404737192055
            },
            {
                "low": 2500,
                "up": 1000000,
                "value": 0.0
            }
        ],
        "2": [
            {
                "low": 0,
                "up": 70,
                "value": 6.345720966590659
            },
            {
                "low": 70,
                "up": 100,
                "value": 1.9717582486436553
            },
            {
                "low": 100,
                "up": 200,
                "value": 2.058898161999573
            },
            {
                "low": 200,
                "up": 400,
                "value": 0.8582010826538317
            },
            {
                "low": 400,
                "up": 600,
                "value": 0.5460826675994243
            },
            {
                "low": 600,
                "up": 800,
                "value": 0.03692053004864807
            },
            {
                "low": 800,
                "up": 1200,
                "value": 0.037826034081254366
            },
            {
                "low": 1200,
                "up": 2500,
                "value": 0.010611377969197155
            },
            {
                "low": 2500,
                "up": 1000000,
                "value": 0.003000078613658067
            }
        ],
        "3": [
            {
                "low": 0,
                "up": 70,
                "value": 3.72386444230841
            },
            {
                "low": 70,
                "up": 100,
                "value": 1.6413156758378284
            },
            {
                "low": 100,
                "up": 200,
                "value": 1.6990581128355664
            },
            {
                "low": 200,
                "up": 400,
                "value": 0.7896981593635494
            },
            {
                "low": 400,
                "up": 600,
                "value": 0.5151725872550741
            },
            {
                "low": 600,
                "up": 800,
                "value": 0.04055008877247835
            },
            {
                "low": 800,
                "up": 1200,
                "value": 0.041836059353138
            },
            {
                "low": 1200,
                "up": 2500,
                "value": 0.01018414354699034
            },
            {
                "low": 2500,
                "up": 1000000,
                "value": 0.0005702264745882622
            }
        ],
        "4": [
            {
                "low": 0,
                "up": 70,
                "value": 3.3332903181940208
            },
            {
                "low": 70,
                "up": 100,
                "value": 1.5162835060546382
            },
            {
                "low": 100,
                "up": 200,
                "value": 1.5465772963234141
            },
            {
                "low": 200,
                "up": 400,
                "value": 0.7609152817468628
            },
            {
                "low": 400,
                "up": 600,
                "value": 0.5119995492159827
            },
            {
                "low": 600,
                "up": 800,
                "value": 0.043823594473092066
            },
            {
                "low": 800,
                "up": 1200,
                "value": 0.04430113156706611
            },
            {
                "low": 1200,
                "up": 2500,
                "value": 0.010560820385522019
            },
            {
                "low": 2500,
                "up": 1000000,
                "value": 0.00034866299033571205
            }
        ]
    },
    "WJetsToLNu_HT-400To600": {
        "0": [
            {
                "low": 0,
                "up": 70,
                "value": 76.64567723916
            },
            {
                "low": 70,
                "up": 100,
                "value": 0.0
            },
            {
                "low": 100,
                "up": 200,
                "value": 0.0
            },
            {
                "low": 200,
                "up": 400,
                "value": 0.0
            },
            {
                "low": 400,
                "up": 600,
                "value": 0.0
            },
            {
                "low": 600,
                "up": 800,
                "value": 0.0
            },
            {
                "low": 800,
                "up": 1200,
                "value": 0.0
            },
            {
                "low": 1200,
                "up": 2500,
                "value": 0.0
            },
            {
                "low": 2500,
                "up": 1000000,
                "value": 0.0
            }
        ],
        "1": [
            {
                "low": 0,
                "up": 70,
                "value": 13.337606926182284
            },
            {
                "low": 70,
                "up": 100,
                "value": 3.456928149229602
            },
            {
                "low": 100,
                "up": 200,
                "value": 3.599469406381704
            },
            {
                "low": 200,
                "up": 400,
                "value": 1.3933383024119725
            },
            {
                "low": 400,
                "up": 600,
                "value": 0.9498860355847332
            },
            {
                "low": 600,
                "up": 800,
                "value": 0.12153409707207258
            },
            {
                "low": 800,
                "up": 1200,
                "value": 0.11620597878364955
            },
            {
                "low": 1200,
                "up": 2500,
                "value": 0.004889323246888704
            },
            {
                "low": 2500,
                "up": 1000000,
                "value": 0.0
            }
        ],
        "2": [
            {
                "low": 0,
                "up": 70,
                "value": 10.464385816589958
            },
            {
                "low": 70,
                "up": 100,
                "value": 3.251520065171801
            },
            {
                "low": 100,
                "up": 200,
                "value": 3.3952177912743813
            },
            {
                "low": 200,
                "up": 400,
                "value": 1.415213067890353
            },
            {
                "low": 400,
                "up": 600,
                "value": 0.9005154420748487
            },
            {
                "low": 600,
                "up": 800,
                "value": 0.06088365262452272
            },
            {
                "low": 800,
                "up": 1200,
                "value": 0.06237687043311496
            },
            {
                "low": 1200,
                "up": 2500,
                "value": 0.017498650460674246
            },
            {
                "low": 2500,
                "up": 1000000,
                "value": 0.004947267656221144
            }
        ],
        "3": [
            {
                "low": 0,
                "up": 70,
                "value": 6.140823786321
            },
            {
                "low": 70,
                "up": 100,
                "value": 2.706605060198837
            },
            {
                "low": 100,
                "up": 200,
                "value": 2.801824995319796
            },
            {
                "low": 200,
                "up": 400,
                "value": 1.3022485958236092
            },
            {
                "low": 400,
                "up": 600,
                "value": 0.8495432975308294
            },
            {
                "low": 600,
                "up": 800,
                "value": 0.06686896194242295
            },
            {
                "low": 800,
                "up": 1200,
                "value": 0.06898958659258571
            },
            {
                "low": 1200,
                "up": 2500,
                "value": 0.016794121243011217
            },
            {
                "low": 2500,
                "up": 1000000,
                "value": 0.0009403296905649178
            }
        ],
        "4": [
            {
                "low": 0,
                "up": 70,
                "value": 5.496749086814392
            },
            {
                "low": 70,
                "up": 100,
                "value": 2.500421259967918
            },
            {
                "low": 100,
                "up": 200,
                "value": 2.5503771138241342
            },
            {
                "low": 200,
                "up": 400,
                "value": 1.2547843064420796
            },
            {
                "low": 400,
                "up": 600,
                "value": 0.8443108118248579
            },
            {
                "low": 600,
                "up": 800,
                "value": 0.07226712344438271
            },
            {
                "low": 800,
                "up": 1200,
                "value": 0.07305460408202606
            },
            {
                "low": 1200,
                "up": 2500,
                "value": 0.017415278679230255
            },
            {
                "low": 2500,
                "up": 1000000,
                "value": 0.0005749613117324171
            }
        ]
    },
    "WJetsToLNu_HT-600To800": {
        "0": [
            {
                "low": 0,
                "up": 70,
                "value": 1140.1339928898474
            },
            {
                "low": 70,
                "up": 100,
                "value": 0.0
            },
            {
                "low": 100,
                "up": 200,
                "value": 0.0
            },
            {
                "low": 200,
                "up": 400,
                "value": 0.0
            },
            {
                "low": 400,
                "up": 600,
                "value": 0.0
            },
            {
                "low": 600,
                "up": 800,
                "value": 0.0
            },
            {
                "low": 800,
                "up": 1200,
                "value": 0.0
            },
            {
                "low": 1200,
                "up": 2500,
                "value": 0.0
            },
            {
                "low": 2500,
                "up": 1000000,
                "value": 0.0
            }
        ],
        "1": [
            {
                "low": 0,
                "up": 70,
                "value": 198.40204416086846
            },
            {
                "low": 70,
                "up": 100,
                "value": 51.42313873248323
            },
            {
                "low": 100,
                "up": 200,
                "value": 53.543494876786845
            },
            {
                "low": 200,
                "up": 400,
                "value": 20.726444326643335
            },
            {
                "low": 400,
                "up": 600,
                "value": 14.129920923814367
            },
            {
                "low": 600,
                "up": 800,
                "value": 1.8078665406618442
            },
            {
                "low": 800,
                "up": 1200,
                "value": 1.72860872733711
            },
            {
                "low": 1200,
                "up": 2500,
                "value": 0.07273056794331831
            },
            {
                "low": 2500,
                "up": 1000000,
                "value": 0.0
            }
        ],
        "2": [
            {
                "low": 0,
                "up": 70,
                "value": 155.66177263957792
            },
            {
                "low": 70,
                "up": 100,
                "value": 48.36761430521625
            },
            {
                "low": 100,
                "up": 200,
                "value": 50.505173370932475
            },
            {
                "low": 200,
                "up": 400,
                "value": 21.05183989501405
            },
            {
                "low": 400,
                "up": 600,
                "value": 13.395514314892049
            },
            {
                "low": 600,
                "up": 800,
                "value": 0.9056678010935441
            },
            {
                "low": 800,
                "up": 1200,
                "value": 0.9278799915743227
            },
            {
                "low": 1200,
                "up": 2500,
                "value": 0.26029917065849845
            },
            {
                "low": 2500,
                "up": 1000000,
                "value": 0.073592513367477
            }
        ],
        "3": [
            {
                "low": 0,
                "up": 70,
                "value": 91.34712087264276
            },
            {
                "low": 70,
                "up": 100,
                "value": 40.26179356249089
            },
            {
                "low": 100,
                "up": 200,
                "value": 41.6782268010337
            },
            {
                "low": 200,
                "up": 400,
                "value": 19.37144982956694
            },
            {
                "low": 400,
                "up": 600,
                "value": 12.637284017000715
            },
            {
                "low": 600,
                "up": 800,
                "value": 0.9947015843035882
            },
            {
                "low": 800,
                "up": 1200,
                "value": 1.0262466933939076
            },
            {
                "low": 1200,
                "up": 2500,
                "value": 0.2498190269768753
            },
            {
                "low": 2500,
                "up": 1000000,
                "value": 0.013987766608041578
            }
        ],
        "4": [
            {
                "low": 0,
                "up": 70,
                "value": 81.76626145148533
            },
            {
                "low": 70,
                "up": 100,
                "value": 37.19473005814006
            },
            {
                "low": 100,
                "up": 200,
                "value": 37.93784264030939
            },
            {
                "low": 200,
                "up": 400,
                "value": 18.66540022936074
            },
            {
                "low": 400,
                "up": 600,
                "value": 12.559448775202627
            },
            {
                "low": 600,
                "up": 800,
                "value": 1.075001317428643
            },
            {
                "low": 800,
                "up": 1200,
                "value": 1.0867153954570519
            },
            {
                "low": 1200,
                "up": 2500,
                "value": 0.25905898327290755
            },
            {
                "low": 2500,
                "up": 1000000,
                "value": 0.008552771137466556
            }
        ]
    },
    "WJetsToLNu_HT-800To1200": {
        "0": [
            {
                "low": 0,
                "up": 70,
                "value": 1148.2070241220704
            },
            {
                "low": 70,
                "up": 100,
                "value": 0.0
            },
            {
                "low": 100,
                "up": 200,
                "value": 0.0
            },
            {
                "low": 200,
                "up": 400,
                "value": 0.0
            },
            {
                "low": 400,
                "up": 600,
                "value": 0.0
            },
            {
                "low": 600,
                "up": 800,
                "value": 0.0
            },
            {
                "low": 800,
                "up": 1200,
                "value": 0.0
            },
            {
                "low": 1200,
                "up": 2500,
                "value": 0.0
            },
            {
                "low": 2500,
                "up": 1000000,
                "value": 0.0
            }
        ],
        "1": [
            {
                "low": 0,
                "up": 70,
                "value": 199.8068842139115
            },
            {
                "low": 70,
                "up": 100,
                "value": 51.787254360677096
            },
            {
                "low": 100,
                "up": 200,
                "value": 53.92262426782188
            },
            {
                "low": 200,
                "up": 400,
                "value": 20.87320359654091
            },
            {
                "low": 400,
                "up": 600,
                "value": 14.229971701738867
            },
            {
                "low": 600,
                "up": 800,
                "value": 1.8206676352151787
            },
            {
                "low": 800,
                "up": 1200,
                "value": 1.740848615219686
            },
            {
                "low": 1200,
                "up": 2500,
                "value": 0.07324555666412251
            },
            {
                "low": 2500,
                "up": 1000000,
                "value": 0.0
            }
        ],
        "2": [
            {
                "low": 0,
                "up": 70,
                "value": 156.7639784855744
            },
            {
                "low": 70,
                "up": 100,
                "value": 48.71009445522424
            },
            {
                "low": 100,
                "up": 200,
                "value": 50.862789093781785
            },
            {
                "low": 200,
                "up": 400,
                "value": 21.200903217420077
            },
            {
                "low": 400,
                "up": 600,
                "value": 13.490364925530987
            },
            {
                "low": 600,
                "up": 800,
                "value": 0.912080630190688
            },
            {
                "low": 800,
                "up": 1200,
                "value": 0.9344501001742317
            },
            {
                "low": 1200,
                "up": 2500,
                "value": 0.26214229028088726
            },
            {
                "low": 2500,
                "up": 1000000,
                "value": 0.07411360532910474
            }
        ],
        "3": [
            {
                "low": 0,
                "up": 70,
                "value": 91.99392919901264
            },
            {
                "low": 70,
                "up": 100,
                "value": 40.54687822703234
            },
            {
                "low": 100,
                "up": 200,
                "value": 41.97334090934616
            },
            {
                "low": 200,
                "up": 400,
                "value": 19.508614689541997
            },
            {
                "low": 400,
                "up": 600,
                "value": 12.726765770194591
            },
            {
                "low": 600,
                "up": 800,
                "value": 1.0017448415057268
            },
            {
                "low": 800,
                "up": 1200,
                "value": 1.0335133143870552
            },
            {
                "low": 1200,
                "up": 2500,
                "value": 0.25158793906945837
            },
            {
                "low": 2500,
                "up": 1000000,
                "value": 0.014086810823370639
            }
        ],
        "4": [
            {
                "low": 0,
                "up": 70,
                "value": 82.34522987673755
            },
            {
                "low": 70,
                "up": 100,
                "value": 37.458097538897626
            },
            {
                "low": 100,
                "up": 200,
                "value": 38.20647193338229
            },
            {
                "low": 200,
                "up": 400,
                "value": 18.797565711622724
            },
            {
                "low": 400,
                "up": 600,
                "value": 12.648379394633348
            },
            {
                "low": 600,
                "up": 800,
                "value": 1.0826131589002628
            },
            {
                "low": 800,
                "up": 1200,
                "value": 1.0944101816688248
            },
            {
                "low": 1200,
                "up": 2500,
                "value": 0.26089332140859384
            },
            {
                "low": 2500,
                "up": 1000000,
                "value": 0.008613331377706226
            }
        ]
    },
    "WJetsToLNu_HT-1200To2500": {
        "0": [
            {
                "low": 0,
                "up": 70,
                "value": 5225.377376302067
            },
            {
                "low": 70,
                "up": 100,
                "value": 0.0
            },
            {
                "low": 100,
                "up": 200,
                "value": 0.0
            },
            {
                "low": 200,
                "up": 400,
                "value": 0.0
            },
            {
                "low": 400,
                "up": 600,
                "value": 0.0
            },
            {
                "low": 600,
                "up": 800,
                "value": 0.0
            },
            {
                "low": 800,
                "up": 1200,
                "value": 0.0
            },
            {
                "low": 1200,
                "up": 2500,
                "value": 0.0
            },
            {
                "low": 2500,
                "up": 1000000,
                "value": 0.0
            }
        ],
        "1": [
            {
                "low": 0,
                "up": 70,
                "value": 909.3015026615802
            },
            {
                "low": 70,
                "up": 100,
                "value": 235.67870743866246
            },
            {
                "low": 100,
                "up": 200,
                "value": 245.39656612478416
            },
            {
                "low": 200,
                "up": 400,
                "value": 94.99189915486541
            },
            {
                "low": 400,
                "up": 600,
                "value": 64.75920337844904
            },
            {
                "low": 600,
                "up": 800,
                "value": 8.28567956035021
            },
            {
                "low": 800,
                "up": 1200,
                "value": 7.922431041119147
            },
            {
                "low": 1200,
                "up": 2500,
                "value": 0.3333333333333334
            },
            {
                "low": 2500,
                "up": 1000000,
                "value": 0.0
            }
        ],
        "2": [
            {
                "low": 0,
                "up": 70,
                "value": 713.4174668753267
            },
            {
                "low": 70,
                "up": 100,
                "value": 221.67485498399597
            },
            {
                "low": 100,
                "up": 200,
                "value": 231.47155682093708
            },
            {
                "low": 200,
                "up": 400,
                "value": 96.48322793895295
            },
            {
                "low": 400,
                "up": 600,
                "value": 61.393325592854275
            },
            {
                "low": 600,
                "up": 800,
                "value": 4.15078935264819
            },
            {
                "low": 800,
                "up": 1200,
                "value": 4.252590613149319
            },
            {
                "low": 1200,
                "up": 2500,
                "value": 1.19298381235136
            },
            {
                "low": 2500,
                "up": 1000000,
                "value": 0.33728373753765845
            }
        ],
        "3": [
            {
                "low": 0,
                "up": 70,
                "value": 418.6553350526703
            },
            {
                "low": 70,
                "up": 100,
                "value": 184.52485981716535
            },
            {
                "low": 100,
                "up": 200,
                "value": 191.01655136033554
            },
            {
                "low": 200,
                "up": 400,
                "value": 88.7817890851792
            },
            {
                "low": 400,
                "up": 600,
                "value": 57.918260846660935
            },
            {
                "low": 600,
                "up": 800,
                "value": 4.558842370463348
            },
            {
                "low": 800,
                "up": 1200,
                "value": 4.703417569871038
            },
            {
                "low": 1200,
                "up": 2500,
                "value": 1.1449519967613837
            },
            {
                "low": 2500,
                "up": 1000000,
                "value": 0.06410769228395034
            }
        ],
        "4": [
            {
                "low": 0,
                "up": 70,
                "value": 374.7450522463902
            },
            {
                "low": 70,
                "up": 100,
                "value": 170.4681223220445
            },
            {
                "low": 100,
                "up": 200,
                "value": 173.87390067715774
            },
            {
                "low": 200,
                "up": 400,
                "value": 85.5458750343111
            },
            {
                "low": 400,
                "up": 600,
                "value": 57.56153215151885
            },
            {
                "low": 600,
                "up": 800,
                "value": 4.926866139083054
            },
            {
                "low": 800,
                "up": 1200,
                "value": 4.980553230859642
            },
            {
                "low": 1200,
                "up": 2500,
                "value": 1.187299877702051
            },
            {
                "low": 2500,
                "up": 1000000,
                "value": 0.03919842499663533
            }
        ]
    },
    "WJetsToLNu_HT-2500ToInf": {
        "0": [
            {
                "low": 0,
                "up": 70,
                "value": 296433.37519072264
            },
            {
                "low": 70,
                "up": 100,
                "value": 0.0
            },
            {
                "low": 100,
                "up": 200,
                "value": 0.0
            },
            {
                "low": 200,
                "up": 400,
                "value": 0.0
            },
            {
                "low": 400,
                "up": 600,
                "value": 0.0
            },
            {
                "low": 600,
                "up": 800,
                "value": 0.0
            },
            {
                "low": 800,
                "up": 1200,
                "value": 0.0
            },
            {
                "low": 1200,
                "up": 2500,
                "value": 0.0
            },
            {
                "low": 2500,
                "up": 1000000,
                "value": 0.0
            }
        ],
        "1": [
            {
                "low": 0,
                "up": 70,
                "value": 51584.276902642254
            },
            {
                "low": 70,
                "up": 100,
                "value": 13369.9500869487
            },
            {
                "low": 100,
                "up": 200,
                "value": 13921.239963736922
            },
            {
                "low": 200,
                "up": 400,
                "value": 5388.848929831956
            },
            {
                "low": 400,
                "up": 600,
                "value": 3673.761309412149
            },
            {
                "low": 600,
                "up": 800,
                "value": 470.04298081176745
            },
            {
                "low": 800,
                "up": 1200,
                "value": 449.43605104684013
            },
            {
                "low": 1200,
                "up": 2500,
                "value": 18.909854341180925
            },
            {
                "low": 2500,
                "up": 1000000,
                "value": 0.0
            }
        ],
        "2": [
            {
                "low": 0,
                "up": 70,
                "value": 40471.86114920008
            },
            {
                "low": 70,
                "up": 100,
                "value": 12575.517656549302
            },
            {
                "low": 100,
                "up": 200,
                "value": 13131.28027083091
            },
            {
                "low": 200,
                "up": 400,
                "value": 5473.451360077674
            },
            {
                "low": 400,
                "up": 600,
                "value": 3482.8165334447076
            },
            {
                "low": 600,
                "up": 800,
                "value": 235.47246617850578
            },
            {
                "low": 800,
                "up": 1200,
                "value": 241.2476072019807
            },
            {
                "low": 1200,
                "up": 2500,
                "value": 67.6774503688528
            },
            {
                "low": 2500,
                "up": 1000000,
                "value": 19.13395904545865
            }
        ],
        "3": [
            {
                "low": 0,
                "up": 70,
                "value": 23750.13421501287
            },
            {
                "low": 70,
                "up": 100,
                "value": 10468.014664408276
            },
            {
                "low": 100,
                "up": 200,
                "value": 10836.28548893595
            },
            {
                "low": 200,
                "up": 400,
                "value": 5036.552099250554
            },
            {
                "low": 400,
                "up": 600,
                "value": 3285.677628914641
            },
            {
                "low": 600,
                "up": 800,
                "value": 258.6211355695976
            },
            {
                "low": 800,
                "up": 1200,
                "value": 266.8228234560374
            },
            {
                "low": 1200,
                "up": 2500,
                "value": 64.95262645920604
            },
            {
                "low": 2500,
                "up": 1000000,
                "value": 3.636801369716247
            }
        ],
        "4": [
            {
                "low": 0,
                "up": 70,
                "value": 21259.123059172416
            },
            {
                "low": 70,
                "up": 100,
                "value": 9670.58208877342
            },
            {
                "low": 100,
                "up": 200,
                "value": 9863.790406614035
            },
            {
                "low": 200,
                "up": 400,
                "value": 4852.980109163065
            },
            {
                "low": 400,
                "up": 600,
                "value": 3265.4405659212716
            },
            {
                "low": 600,
                "up": 800,
                "value": 279.4989631456709
            },
            {
                "low": 800,
                "up": 1200,
                "value": 282.5446084021616
            },
            {
                "low": 1200,
                "up": 2500,
                "value": 67.35500323994312
            },
            {
                "low": 2500,
                "up": 1000000,
                "value": 2.223709521270238
            }
        ]
    }
}