{
    "WJetsToLNu": {
        "0": [
            {
                "low": 0,
                "up": 70,
                "value": 1.0000000000000002
            },
            {
                "low": 70,
                "up": 100,
                "value": 0.0
            },
            {
                "low": 100,
                "up": 200,
                "value": 0.0
            },
            {
                "low": 200,
                "up": 400,
                "value": 0.0
            },
            {
                "low": 400,
                "up": 600,
                "value": 0.0
            },
            {
                "low": 600,
                "up": 800,
                "value": 0.0
            },
            {
                "low": 800,
                "up": 1200,
                "value": 0.0
            },
            {
                "low": 1200,
                "up": 2500,
                "value": 0.0
            },
            {
                "low": 2500,
                "up": 1000000,
                "value": 0.0
            }
        ],
        "1": [
            {
                "low": 0,
                "up": 70,
                "value": 0.17439907389373469
            },
            {
                "low": 70,
                "up": 100,
                "value": 0.0559585652365727
            },
            {
                "low": 100,
                "up": 200,
                "value": 0.04144490228364434
            },
            {
                "low": 200,
                "up": 400,
                "value": 0.02289602430137331
            },
            {
                "low": 400,
                "up": 600,
                "value": 0.005994840364350027
            },
            {
                "low": 600,
                "up": 800,
                "value": 0.0017889940852897166
            },
            {
                "low": 800,
                "up": 1200,
                "value": 0.0007292760311983763
            },
            {
                "low": 1200,
                "up": 2500,
                "value": 0.0008810036242677487
            },
            {
                "low": 2500,
                "up": 1000000,
                "value": 0.0
            }
        ],
        "2": [
            {
                "low": 0,
                "up": 70,
                "value": 0.10782251006940105
            },
            {
                "low": 70,
                "up": 100,
                "value": 0.046842159511197544
            },
            {
                "low": 100,
                "up": 200,
                "value": 0.03662814325624133
            },
            {
                "low": 200,
                "up": 400,
                "value": 0.021963948577466797
            },
            {
                "low": 400,
                "up": 600,
                "value": 0.005430029720068701
            },
            {
                "low": 600,
                "up": 800,
                "value": 0.000804796690492708
            },
            {
                "low": 800,
                "up": 1200,
                "value": 0.00037218095794391885
            },
            {
                "low": 1200,
                "up": 2500,
                "value": 7.89851223987923e-05
            },
            {
                "low": 2500,
                "up": 1000000,
                "value": 2.161536434563881e-05
            }
        ],
        "3": [
            {
                "low": 0,
                "up": 70,
                "value": 0.06463485270795118
            },
            {
                "low": 70,
                "up": 100,
                "value": 0.03691122509601451
            },
            {
                "low": 100,
                "up": 200,
                "value": 0.03040153532978585
            },
            {
                "low": 200,
                "up": 400,
                "value": 0.01970731574909153
            },
            {
                "low": 400,
                "up": 600,
                "value": 0.0053389108764437644
            },
            {
                "low": 600,
                "up": 800,
                "value": 0.0008575086756552538
            },
            {
                "low": 800,
                "up": 1200,
                "value": 0.00039291356262050075
            },
            {
                "low": 1200,
                "up": 2500,
                "value": 8.389478084744212e-05
            },
            {
                "low": 2500,
                "up": 1000000,
                "value": 1.9046184018801912e-06
            }
        ],
        "4": [
            {
                "low": 0,
                "up": 70,
                "value": 0.0686334236984398
            },
            {
                "low": 70,
                "up": 100,
                "value": 0.03723457573463444
            },
            {
                "low": 100,
                "up": 200,
                "value": 0.0303892191683027
            },
            {
                "low": 200,
                "up": 400,
                "value": 0.019804825015884073
            },
            {
                "low": 400,
                "up": 600,
                "value": 0.005516914925258198
            },
            {
                "low": 600,
                "up": 800,
                "value": 0.0009408571149721393
            },
            {
                "low": 800,
                "up": 1200,
                "value": 0.00043625443192282483
            },
            {
                "low": 1200,
                "up": 2500,
                "value": 9.28402301318034e-05
            },
            {
                "low": 2500,
                "up": 1000000,
                "value": 1.1973365879963714e-06
            }
        ]
    },
    "W1JetsToLNu": {
        "0": [
            {
                "low": 0,
                "up": 70,
                "value": 4.715816250861539
            },
            {
                "low": 70,
                "up": 100,
                "value": 0.0
            },
            {
                "low": 100,
                "up": 200,
                "value": 0.0
            },
            {
                "low": 200,
                "up": 400,
                "value": 0.0
            },
            {
                "low": 400,
                "up": 600,
                "value": 0.0
            },
            {
                "low": 600,
                "up": 800,
                "value": 0.0
            },
            {
                "low": 800,
                "up": 1200,
                "value": 0.0
            },
            {
                "low": 1200,
                "up": 2500,
                "value": 0.0
            },
            {
                "low": 2500,
                "up": 1000000,
                "value": 0.0
            }
        ],
        "1": [
            {
                "low": 0,
                "up": 70,
                "value": 0.8224339868032763
            },
            {
                "low": 70,
                "up": 100,
                "value": 0.2638903113175251
            },
            {
                "low": 100,
                "up": 200,
                "value": 0.19544654370457845
            },
            {
                "low": 200,
                "up": 400,
                "value": 0.10797344348053695
            },
            {
                "low": 400,
                "up": 600,
                "value": 0.028270565611522566
            },
            {
                "low": 600,
                "up": 800,
                "value": 0.00843656738010442
            },
            {
                "low": 800,
                "up": 1200,
                "value": 0.0034391317592891092
            },
            {
                "low": 1200,
                "up": 2500,
                "value": 0.004154651208389763
            },
            {
                "low": 2500,
                "up": 1000000,
                "value": 0.0
            }
        ],
        "2": [
            {
                "low": 0,
                "up": 70,
                "value": 0.5084711451939633
            },
            {
                "low": 70,
                "up": 100,
                "value": 0.22089901704835377
            },
            {
                "low": 100,
                "up": 200,
                "value": 0.1727315932066673
            },
            {
                "low": 200,
                "up": 400,
                "value": 0.1035779456347051
            },
            {
                "low": 400,
                "up": 600,
                "value": 0.025607022396561114
            },
            {
                "low": 600,
                "up": 800,
                "value": 0.003795273311665096
            },
            {
                "low": 800,
                "up": 1200,
                "value": 0.0017551370097331472
            },
            {
                "low": 1200,
                "up": 2500,
                "value": 0.00037247932378451244
            },
            {
                "low": 2500,
                "up": 1000000,
                "value": 0.00010193408644945658
            }
        ],
        "3": [
            {
                "low": 0,
                "up": 70,
                "value": 0.30480608877219806
            },
            {
                "low": 70,
                "up": 100,
                "value": 0.17406655514699346
            },
            {
                "low": 100,
                "up": 200,
                "value": 0.1433680543593453
            },
            {
                "low": 200,
                "up": 400,
                "value": 0.09293607987042538
            },
            {
                "low": 400,
                "up": 600,
                "value": 0.025177322673034925
            },
            {
                "low": 600,
                "up": 800,
                "value": 0.004043853347909802
            },
            {
                "low": 800,
                "up": 1200,
                "value": 0.0018529081637896601
            },
            {
                "low": 1200,
                "up": 2500,
                "value": 0.0003956323708828349
            },
            {
                "low": 2500,
                "up": 1000000,
                "value": 8.981830411276537e-06
            }
        ],
        "4": [
            {
                "low": 0,
                "up": 70,
                "value": 0.3236626148293678
            },
            {
                "low": 70,
                "up": 100,
                "value": 0.17559141734332379
            },
            {
                "low": 100,
                "up": 200,
                "value": 0.14330997360487485
            },
            {
                "low": 200,
                "up": 400,
                "value": 0.09339591565537524
            },
            {
                "low": 400,
                "up": 600,
                "value": 0.026016757059153177
            },
            {
                "low": 600,
                "up": 800,
                "value": 0.0044369092725243175
            },
            {
                "low": 800,
                "up": 1200,
                "value": 0.002057295739572026
            },
            {
                "low": 1200,
                "up": 2500,
                "value": 0.0004378174659892835
            },
            {
                "low": 2500,
                "up": 1000000,
                "value": 5.646419339424395e-06
            }
        ]
    },
    "W2JetsToLNu": {
        "0": [
            {
                "low": 0,
                "up": 70,
                "value": 8.140024399882812
            },
            {
                "low": 70,
                "up": 100,
                "value": 0.0
            },
            {
                "low": 100,
                "up": 200,
                "value": 0.0
            },
            {
                "low": 200,
                "up": 400,
                "value": 0.0
            },
            {
                "low": 400,
                "up": 600,
                "value": 0.0
            },
            {
                "low": 600,
                "up": 800,
                "value": 0.0
            },
            {
                "low": 800,
                "up": 1200,
                "value": 0.0
            },
            {
                "low": 1200,
                "up": 2500,
                "value": 0.0
            },
            {
                "low": 2500,
                "up": 1000000,
                "value": 0.0
            }
        ],
        "1": [
            {
                "low": 0,
                "up": 70,
                "value": 1.4196127168119654
            },
            {
                "low": 70,
                "up": 100,
                "value": 0.4555040864081358
            },
            {
                "low": 100,
                "up": 200,
                "value": 0.33736251583962373
            },
            {
                "low": 200,
                "up": 400,
                "value": 0.1863741964734885
            },
            {
                "low": 400,
                "up": 600,
                "value": 0.048798146839211576
            },
            {
                "low": 600,
                "up": 800,
                "value": 0.014562455505504323
            },
            {
                "low": 800,
                "up": 1200,
                "value": 0.005936324688204481
            },
            {
                "low": 1200,
                "up": 2500,
                "value": 0.007171390997924662
            },
            {
                "low": 2500,
                "up": 1000000,
                "value": 0.0
            }
        ],
        "2": [
            {
                "low": 0,
                "up": 70,
                "value": 0.8776778628215345
            },
            {
                "low": 70,
                "up": 100,
                "value": 0.38129632136435065
            },
            {
                "low": 100,
                "up": 200,
                "value": 0.2981539798282074
            },
            {
                "low": 200,
                "up": 400,
                "value": 0.17878707733835106
            },
            {
                "low": 400,
                "up": 600,
                "value": 0.04420057441344805
            },
            {
                "low": 600,
                "up": 800,
                "value": 0.006551064697555576
            },
            {
                "low": 800,
                "up": 1200,
                "value": 0.0030295620788352573
            },
            {
                "low": 1200,
                "up": 2500,
                "value": 0.0006429408235538996
            },
            {
                "low": 2500,
                "up": 1000000,
                "value": 0.00017594959318585683
            }
        ],
        "3": [
            {
                "low": 0,
                "up": 70,
                "value": 0.5261292781255541
            },
            {
                "low": 70,
                "up": 100,
                "value": 0.30045827291112476
            },
            {
                "low": 100,
                "up": 200,
                "value": 0.2474692393783561
            },
            {
                "low": 200,
                "up": 400,
                "value": 0.16041803105379984
            },
            {
                "low": 400,
                "up": 600,
                "value": 0.04345886480305196
            },
            {
                "low": 600,
                "up": 800,
                "value": 0.00698014154294496
            },
            {
                "low": 800,
                "up": 1200,
                "value": 0.0031983259867757585
            },
            {
                "low": 1200,
                "up": 2500,
                "value": 0.0006829055631209998
            },
            {
                "low": 2500,
                "up": 1000000,
                "value": 1.550364026377056e-05
            }
        ],
        "4": [
            {
                "low": 0,
                "up": 70,
                "value": 0.5586777435527951
            },
            {
                "low": 70,
                "up": 100,
                "value": 0.3030903549992087
            },
            {
                "low": 100,
                "up": 200,
                "value": 0.24736898552337036
            },
            {
                "low": 200,
                "up": 400,
                "value": 0.16121175886470582
            },
            {
                "low": 400,
                "up": 600,
                "value": 0.04490782210367938
            },
            {
                "low": 600,
                "up": 800,
                "value": 0.00765859987267656
            },
            {
                "low": 800,
                "up": 1200,
                "value": 0.003551121720408808
            },
            {
                "low": 1200,
                "up": 2500,
                "value": 0.0007557217385636149
            },
            {
                "low": 2500,
                "up": 1000000,
                "value": 9.746349041162893e-06
            }
        ]
    },
    "W3JetsToLNu": {
        "0": [
            {
                "low": 0,
                "up": 70,
                "value": 13.861326753068958
            },
            {
                "low": 70,
                "up": 100,
                "value": 0.0
            },
            {
                "low": 100,
                "up": 200,
                "value": 0.0
            },
            {
                "low": 200,
                "up": 400,
                "value": 0.0
            },
            {
                "low": 400,
                "up": 600,
                "value": 0.0
            },
            {
                "low": 600,
                "up": 800,
                "value": 0.0
            },
            {
                "low": 800,
                "up": 1200,
                "value": 0.0
            },
            {
                "low": 1200,
                "up": 2500,
                "value": 0.0
            },
            {
                "low": 2500,
                "up": 1000000,
                "value": 0.0
            }
        ],
        "1": [
            {
                "low": 0,
                "up": 70,
                "value": 2.417402548673674
            },
            {
                "low": 70,
                "up": 100,
                "value": 0.7756599573770596
            },
            {
                "low": 100,
                "up": 200,
                "value": 0.5744813328026079
            },
            {
                "low": 200,
                "up": 400,
                "value": 0.3173692741875428
            },
            {
                "low": 400,
                "up": 600,
                "value": 0.08309644112274268
            },
            {
                "low": 600,
                "up": 800,
                "value": 0.024797831575508474
            },
            {
                "low": 800,
                "up": 1200,
                "value": 0.010108733361622005
            },
            {
                "low": 1200,
                "up": 2500,
                "value": 0.012211879106613257
            },
            {
                "low": 2500,
                "up": 1000000,
                "value": 0.0
            }
        ],
        "2": [
            {
                "low": 0,
                "up": 70,
                "value": 1.4945630434080357
            },
            {
                "low": 70,
                "up": 100,
                "value": 0.649294478804086
            },
            {
                "low": 100,
                "up": 200,
                "value": 0.5077146620329802
            },
            {
                "low": 200,
                "up": 400,
                "value": 0.3044494680198714
            },
            {
                "low": 400,
                "up": 600,
                "value": 0.07526741622874783
            },
            {
                "low": 600,
                "up": 800,
                "value": 0.011155549896707929
            },
            {
                "low": 800,
                "up": 1200,
                "value": 0.005158921869330874
            },
            {
                "low": 1200,
                "up": 2500,
                "value": 0.0010948385902008059
            },
            {
                "low": 2500,
                "up": 1000000,
                "value": 0.00029961762808153607
            }
        ],
        "3": [
            {
                "low": 0,
                "up": 70,
                "value": 0.8959248130213951
            },
            {
                "low": 70,
                "up": 100,
                "value": 0.5116385519119361
            },
            {
                "low": 100,
                "up": 200,
                "value": 0.42140561500113166
            },
            {
                "low": 200,
                "up": 400,
                "value": 0.2731695430240596
            },
            {
                "low": 400,
                "up": 600,
                "value": 0.07400438816390079
            },
            {
                "low": 600,
                "up": 800,
                "value": 0.0118862079468489
            },
            {
                "low": 800,
                "up": 1200,
                "value": 0.005446303277195181
            },
            {
                "low": 1200,
                "up": 2500,
                "value": 0.0011628929702035065
            },
            {
                "low": 2500,
                "up": 1000000,
                "value": 2.6400538008369332e-05
            }
        ],
        "4": [
            {
                "low": 0,
                "up": 70,
                "value": 0.9513503120659005
            },
            {
                "low": 70,
                "up": 100,
                "value": 0.5161206207696606
            },
            {
                "low": 100,
                "up": 200,
                "value": 0.42123489666247016
            },
            {
                "low": 200,
                "up": 400,
                "value": 0.2745211508325232
            },
            {
                "low": 400,
                "up": 600,
                "value": 0.07647176044788688
            },
            {
                "low": 600,
                "up": 800,
                "value": 0.013041527898578589
            },
            {
                "low": 800,
                "up": 1200,
                "value": 0.006047065228356751
            },
            {
                "low": 1200,
                "up": 2500,
                "value": 0.001286888765687045
            },
            {
                "low": 2500,
                "up": 1000000,
                "value": 1.6596673679622404e-05
            }
        ]
    },
    "W4JetsToLNu": {
        "0": [
            {
                "low": 0,
                "up": 70,
                "value": 13.972384095091842
            },
            {
                "low": 70,
                "up": 100,
                "value": 0.0
            },
            {
                "low": 100,
                "up": 200,
                "value": 0.0
            },
            {
                "low": 200,
                "up": 400,
                "value": 0.0
            },
            {
                "low": 400,
                "up": 600,
                "value": 0.0
            },
            {
                "low": 600,
                "up": 800,
                "value": 0.0
            },
            {
                "low": 800,
                "up": 1200,
                "value": 0.0
            },
            {
                "low": 1200,
                "up": 2500,
                "value": 0.0
            },
            {
                "low": 2500,
                "up": 1000000,
                "value": 0.0
            }
        ],
        "1": [
            {
                "low": 0,
                "up": 70,
                "value": 2.436770846271565
            },
            {
                "low": 70,
                "up": 100,
                "value": 0.7818745668956475
            },
            {
                "low": 100,
                "up": 200,
                "value": 0.5790840934906276
            },
            {
                "low": 200,
                "up": 400,
                "value": 0.3199120457893447
            },
            {
                "low": 400,
                "up": 600,
                "value": 0.0837622121594589
            },
            {
                "low": 600,
                "up": 800,
                "value": 0.024996512503515412
            },
            {
                "low": 800,
                "up": 1200,
                "value": 0.010189724819247894
            },
            {
                "low": 1200,
                "up": 2500,
                "value": 0.01230972102743696
            },
            {
                "low": 2500,
                "up": 1000000,
                "value": 0.0
            }
        ],
        "2": [
            {
                "low": 0,
                "up": 70,
                "value": 1.5065375247865789
            },
            {
                "low": 70,
                "up": 100,
                "value": 0.6544966445340115
            },
            {
                "low": 100,
                "up": 200,
                "value": 0.5117824862662518
            },
            {
                "low": 200,
                "up": 400,
                "value": 0.3068887257692121
            },
            {
                "low": 400,
                "up": 600,
                "value": 0.07587046089656392
            },
            {
                "low": 600,
                "up": 800,
                "value": 0.011244928478022862
            },
            {
                "low": 800,
                "up": 1200,
                "value": 0.005200255297271656
            },
            {
                "low": 1200,
                "up": 2500,
                "value": 0.0011036104679537678
            },
            {
                "low": 2500,
                "up": 1000000,
                "value": 0.0003020181729926189
            }
        ],
        "3": [
            {
                "low": 0,
                "up": 70,
                "value": 0.9031029879651807
            },
            {
                "low": 70,
                "up": 100,
                "value": 0.5157378144619078
            },
            {
                "low": 100,
                "up": 200,
                "value": 0.4247819287082724
            },
            {
                "low": 200,
                "up": 400,
                "value": 0.2753581851295594
            },
            {
                "low": 400,
                "up": 600,
                "value": 0.07459731341513569
            },
            {
                "low": 600,
                "up": 800,
                "value": 0.011981440581128735
            },
            {
                "low": 800,
                "up": 1200,
                "value": 0.005489939213104556
            },
            {
                "low": 1200,
                "up": 2500,
                "value": 0.0011722101015740158
            },
            {
                "low": 2500,
                "up": 1000000,
                "value": 2.661205986565002e-05
            }
        ],
        "4": [
            {
                "low": 0,
                "up": 70,
                "value": 0.9589725576757796
            },
            {
                "low": 70,
                "up": 100,
                "value": 0.5202557937820987
            },
            {
                "low": 100,
                "up": 200,
                "value": 0.4246098425694527
            },
            {
                "low": 200,
                "up": 400,
                "value": 0.2767206220580156
            },
            {
                "low": 400,
                "up": 600,
                "value": 0.07708445435565242
            },
            {
                "low": 600,
                "up": 800,
                "value": 0.013146016988990712
            },
            {
                "low": 800,
                "up": 1200,
                "value": 0.006095514486011803
            },
            {
                "low": 1200,
                "up": 2500,
                "value": 0.0012971993548782758
            },
            {
                "low": 2500,
                "up": 1000000,
                "value": 1.6729646698592028e-05
            }
        ]
    },
    "WJetsToLNu_HT-70To100": {
        "0": [
            {
                "low": 0,
                "up": 70,
                "value": 12.074841918393727
            },
            {
                "low": 70,
                "up": 100,
                "value": 0.0
            },
            {
                "low": 100,
                "up": 200,
                "value": 0.0
            },
            {
                "low": 200,
                "up": 400,
                "value": 0.0
            },
            {
                "low": 400,
                "up": 600,
                "value": 0.0
            },
            {
                "low": 600,
                "up": 800,
                "value": 0.0
            },
            {
                "low": 800,
                "up": 1200,
                "value": 0.0
            },
            {
                "low": 1200,
                "up": 2500,
                "value": 0.0
            },
            {
                "low": 2500,
                "up": 1000000,
                "value": 0.0
            }
        ],
        "1": [
            {
                "low": 0,
                "up": 70,
                "value": 2.105841247981112
            },
            {
                "low": 70,
                "up": 100,
                "value": 0.6756908292117378
            },
            {
                "low": 100,
                "up": 200,
                "value": 0.5004406433982804
            },
            {
                "low": 200,
                "up": 400,
                "value": 0.2764658739987838
            },
            {
                "low": 400,
                "up": 600,
                "value": 0.07238674972553243
            },
            {
                "low": 600,
                "up": 800,
                "value": 0.02160182077281471
            },
            {
                "low": 800,
                "up": 1200,
                "value": 0.008805892791593965
            },
            {
                "low": 1200,
                "up": 2500,
                "value": 0.010637979492565007
            },
            {
                "low": 2500,
                "up": 1000000,
                "value": 0.0
            }
        ],
        "2": [
            {
                "low": 0,
                "up": 70,
                "value": 1.3019397643324333
            },
            {
                "low": 70,
                "up": 100,
                "value": 0.5656116712138934
            },
            {
                "low": 100,
                "up": 200,
                "value": 0.4422790395833932
            },
            {
                "low": 200,
                "up": 400,
                "value": 0.2652112069766403
            },
            {
                "low": 400,
                "up": 600,
                "value": 0.0655667504820093
            },
            {
                "low": 600,
                "up": 800,
                "value": 0.00971779281414589
            },
            {
                "low": 800,
                "up": 1200,
                "value": 0.004494026232209163
            },
            {
                "low": 1200,
                "up": 2500,
                "value": 0.0009537328668703964
            },
            {
                "low": 2500,
                "up": 1000000,
                "value": 0.00026100210748207265
            }
        ],
        "3": [
            {
                "low": 0,
                "up": 70,
                "value": 0.780455628867173
            },
            {
                "low": 70,
                "up": 100,
                "value": 0.4456972080486224
            },
            {
                "low": 100,
                "up": 200,
                "value": 0.367093733183626
            },
            {
                "low": 200,
                "up": 400,
                "value": 0.23796272230615123
            },
            {
                "low": 400,
                "up": 600,
                "value": 0.06446650484945135
            },
            {
                "low": 600,
                "up": 800,
                "value": 0.010354281702188347
            },
            {
                "low": 800,
                "up": 1200,
                "value": 0.00474436915623544
            },
            {
                "low": 1200,
                "up": 2500,
                "value": 0.0010130162165111491
            },
            {
                "low": 2500,
                "up": 1000000,
                "value": 2.2997966117566997e-05
            }
        ],
        "4": [
            {
                "low": 0,
                "up": 70,
                "value": 0.8287377414767981
            },
            {
                "low": 70,
                "up": 100,
                "value": 0.44960161589416975
            },
            {
                "low": 100,
                "up": 200,
                "value": 0.36694501748067554
            },
            {
                "low": 200,
                "up": 400,
                "value": 0.23914013128824968
            },
            {
                "low": 400,
                "up": 600,
                "value": 0.06661587559971967
            },
            {
                "low": 600,
                "up": 800,
                "value": 0.011360700931084572
            },
            {
                "low": 800,
                "up": 1200,
                "value": 0.0052677033016667665
            },
            {
                "low": 1200,
                "up": 2500,
                "value": 0.0011210311025088198
            },
            {
                "low": 2500,
                "up": 1000000,
                "value": 1.4457650023165101e-05
            }
        ]
    },
    "WJetsToLNu_HT-100To200": {
        "0": [
            {
                "low": 0,
                "up": 70,
                "value": 17.83421871863385
            },
            {
                "low": 70,
                "up": 100,
                "value": 0.0
            },
            {
                "low": 100,
                "up": 200,
                "value": 0.0
            },
            {
                "low": 200,
                "up": 400,
                "value": 0.0
            },
            {
                "low": 400,
                "up": 600,
                "value": 0.0
            },
            {
                "low": 600,
                "up": 800,
                "value": 0.0
            },
            {
                "low": 800,
                "up": 1200,
                "value": 0.0
            },
            {
                "low": 1200,
                "up": 2500,
                "value": 0.0
            },
            {
                "low": 2500,
                "up": 1000000,
                "value": 0.0
            }
        ],
        "1": [
            {
                "low": 0,
                "up": 70,
                "value": 3.1102712281480507
            },
            {
                "low": 70,
                "up": 100,
                "value": 0.9979772916099782
            },
            {
                "low": 100,
                "up": 200,
                "value": 0.7391374520989206
            },
            {
                "low": 200,
                "up": 400,
                "value": 0.40833270517784737
            },
            {
                "low": 400,
                "up": 600,
                "value": 0.10691329424111302
            },
            {
                "low": 600,
                "up": 800,
                "value": 0.0319053118033991
            },
            {
                "low": 800,
                "up": 1200,
                "value": 0.013006068246649086
            },
            {
                "low": 1200,
                "up": 2500,
                "value": 0.015712011327100147
            },
            {
                "low": 2500,
                "up": 1000000,
                "value": 0.0
            }
        ],
        "2": [
            {
                "low": 0,
                "up": 70,
                "value": 1.9229302273697988
            },
            {
                "low": 70,
                "up": 100,
                "value": 0.8353933179758318
            },
            {
                "low": 100,
                "up": 200,
                "value": 0.6532343180892612
            },
            {
                "low": 200,
                "up": 400,
                "value": 0.3917098628553697
            },
            {
                "low": 400,
                "up": 600,
                "value": 0.09684033767638735
            },
            {
                "low": 600,
                "up": 800,
                "value": 0.014352920202279625
            },
            {
                "low": 800,
                "up": 1200,
                "value": 0.006637556606882515
            },
            {
                "low": 1200,
                "up": 2500,
                "value": 0.0014086379483781275
            },
            {
                "low": 2500,
                "up": 1000000,
                "value": 0.00038549313542308235
            }
        ],
        "3": [
            {
                "low": 0,
                "up": 70,
                "value": 1.1527121000402847
            },
            {
                "low": 70,
                "up": 100,
                "value": 0.6582828615350493
            },
            {
                "low": 100,
                "up": 200,
                "value": 0.542187630453675
            },
            {
                "low": 200,
                "up": 400,
                "value": 0.3514645794264758
            },
            {
                "low": 400,
                "up": 600,
                "value": 0.09521530428979123
            },
            {
                "low": 600,
                "up": 800,
                "value": 0.01529299727476185
            },
            {
                "low": 800,
                "up": 1200,
                "value": 0.007007306413291647
            },
            {
                "low": 1200,
                "up": 2500,
                "value": 0.0014961978709851368
            },
            {
                "low": 2500,
                "up": 1000000,
                "value": 3.396738115466619e-05
            }
        ],
        "4": [
            {
                "low": 0,
                "up": 70,
                "value": 1.224023489646643
            },
            {
                "low": 70,
                "up": 100,
                "value": 0.6640495675470072
            },
            {
                "low": 100,
                "up": 200,
                "value": 0.5419679813360105
            },
            {
                "low": 200,
                "up": 400,
                "value": 0.3532035810175477
            },
            {
                "low": 400,
                "up": 600,
                "value": 0.09838986742915021
            },
            {
                "low": 600,
                "up": 800,
                "value": 0.016779451571395966
            },
            {
                "low": 800,
                "up": 1200,
                "value": 0.007780256955885018
            },
            {
                "low": 1200,
                "up": 2500,
                "value": 0.0016557329700588824
            },
            {
                "low": 2500,
                "up": 1000000,
                "value": 2.135356259015007e-05
            }
        ]
    },
    "WJetsToLNu_HT-200To400": {
        "0": [
            {
                "low": 0,
                "up": 70,
                "value": 34.984716847693235
            },
            {
                "low": 70,
                "up": 100,
                "value": 0.0
            },
            {
                "low": 100,
                "up": 200,
                "value": 0.0
            },
            {
                "low": 200,
                "up": 400,
                "value": 0.0
            },
            {
                "low": 400,
                "up": 600,
                "value": 0.0
            },
            {
                "low": 600,
                "up": 800,
                "value": 0.0
            },
            {
                "low": 800,
                "up": 1200,
                "value": 0.0
            },
            {
                "low": 1200,
                "up": 2500,
                "value": 0.0
            },
            {
                "low": 2500,
                "up": 1000000,
                "value": 0.0
            }
        ],
        "1": [
            {
                "low": 0,
                "up": 70,
                "value": 6.101302218672236
            },
            {
                "low": 70,
                "up": 100,
                "value": 1.9576945600046658
            },
            {
                "low": 100,
                "up": 200,
                "value": 1.449938171173612
            },
            {
                "low": 200,
                "up": 400,
                "value": 0.8010109271214485
            },
            {
                "low": 400,
                "up": 600,
                "value": 0.20972779269390784
            },
            {
                "low": 600,
                "up": 800,
                "value": 0.0625874515160587
            },
            {
                "low": 800,
                "up": 1200,
                "value": 0.025513515455284692
            },
            {
                "low": 1200,
                "up": 2500,
                "value": 0.030821662336798707
            },
            {
                "low": 2500,
                "up": 1000000,
                "value": 0.0
            }
        ],
        "2": [
            {
                "low": 0,
                "up": 70,
                "value": 3.7721399845855483
            },
            {
                "low": 70,
                "up": 100,
                "value": 1.6387596870337264
            },
            {
                "low": 100,
                "up": 200,
                "value": 1.2814252204763472
            },
            {
                "low": 200,
                "up": 400,
                "value": 0.7684025218399705
            },
            {
                "low": 400,
                "up": 600,
                "value": 0.18996805223116248
            },
            {
                "low": 600,
                "up": 800,
                "value": 0.028155584336847995
            },
            {
                "low": 800,
                "up": 1200,
                "value": 0.013020645429771223
            },
            {
                "low": 1200,
                "up": 2500,
                "value": 0.002763272142302141
            },
            {
                "low": 2500,
                "up": 1000000,
                "value": 0.0007562074011918977
            }
        ],
        "3": [
            {
                "low": 0,
                "up": 70,
                "value": 2.2612320204800302
            },
            {
                "low": 70,
                "up": 100,
                "value": 1.291328758485536
            },
            {
                "low": 100,
                "up": 200,
                "value": 1.0635891052477
            },
            {
                "low": 200,
                "up": 400,
                "value": 0.6894548613100526
            },
            {
                "low": 400,
                "up": 600,
                "value": 0.1867802852874548
            },
            {
                "low": 600,
                "up": 800,
                "value": 0.02999969821223947
            },
            {
                "low": 800,
                "up": 1200,
                "value": 0.013745969733896602
            },
            {
                "low": 1200,
                "up": 2500,
                "value": 0.00293503515294704
            },
            {
                "low": 2500,
                "up": 1000000,
                "value": 6.663253549268448e-05
            }
        ],
        "4": [
            {
                "low": 0,
                "up": 70,
                "value": 2.4011208943776747
            },
            {
                "low": 70,
                "up": 100,
                "value": 1.3026410890201752
            },
            {
                "low": 100,
                "up": 200,
                "value": 1.0631582278255616
            },
            {
                "low": 200,
                "up": 400,
                "value": 0.692866195398816
            },
            {
                "low": 400,
                "up": 600,
                "value": 0.19300770653297072
            },
            {
                "low": 600,
                "up": 800,
                "value": 0.03291561976143785
            },
            {
                "low": 800,
                "up": 1200,
                "value": 0.015262237774371289
            },
            {
                "low": 1200,
                "up": 2500,
                "value": 0.003247989163235819
            },
            {
                "low": 2500,
                "up": 1000000,
                "value": 4.1888481502436185e-05
            }
        ]
    },
    "WJetsToLNu_HT-400To600": {
        "0": [
            {
                "low": 0,
                "up": 70,
                "value": 162.10497944666582
            },
            {
                "low": 70,
                "up": 100,
                "value": 0.0
            },
            {
                "low": 100,
                "up": 200,
                "value": 0.0
            },
            {
                "low": 200,
                "up": 400,
                "value": 0.0
            },
            {
                "low": 400,
                "up": 600,
                "value": 0.0
            },
            {
                "low": 600,
                "up": 800,
                "value": 0.0
            },
            {
                "low": 800,
                "up": 1200,
                "value": 0.0
            },
            {
                "low": 1200,
                "up": 2500,
                "value": 0.0
            },
            {
                "low": 2500,
                "up": 1000000,
                "value": 0.0
            }
        ],
        "1": [
            {
                "low": 0,
                "up": 70,
                "value": 28.270958289061408
            },
            {
                "low": 70,
                "up": 100,
                "value": 9.071162067539523
            },
            {
                "low": 100,
                "up": 200,
                "value": 6.718425032859238
            },
            {
                "low": 200,
                "up": 400,
                "value": 3.711559548784481
            },
            {
                "low": 400,
                "up": 600,
                "value": 0.9717934740490036
            },
            {
                "low": 600,
                "up": 800,
                "value": 0.29000484942609617
            },
            {
                "low": 800,
                "up": 1200,
                "value": 0.1182192760483588
            },
            {
                "low": 1200,
                "up": 2500,
                "value": 0.14281507440436148
            },
            {
                "low": 2500,
                "up": 1000000,
                "value": 0.0
            }
        ],
        "2": [
            {
                "low": 0,
                "up": 70,
                "value": 17.47856577868817
            },
            {
                "low": 70,
                "up": 100,
                "value": 7.593347304800118
            },
            {
                "low": 100,
                "up": 200,
                "value": 5.937604409722531
            },
            {
                "low": 200,
                "up": 400,
                "value": 3.5604654327178795
            },
            {
                "low": 400,
                "up": 600,
                "value": 0.8802348561665213
            },
            {
                "low": 600,
                "up": 800,
                "value": 0.13046155097106507
            },
            {
                "low": 800,
                "up": 1200,
                "value": 0.06033238653793935
            },
            {
                "low": 1200,
                "up": 2500,
                "value": 0.012803881643048609
            },
            {
                "low": 2500,
                "up": 1000000,
                "value": 0.0035039581929819717
            }
        ],
        "3": [
            {
                "low": 0,
                "up": 70,
                "value": 10.477631469760697
            },
            {
                "low": 70,
                "up": 100,
                "value": 5.983493385540686
            },
            {
                "low": 100,
                "up": 200,
                "value": 4.928240259782019
            },
            {
                "low": 200,
                "up": 400,
                "value": 3.1946540144554354
            },
            {
                "low": 400,
                "up": 600,
                "value": 0.8654640378934969
            },
            {
                "low": 600,
                "up": 800,
                "value": 0.13900642624243253
            },
            {
                "low": 800,
                "up": 1200,
                "value": 0.06369324499291251
            },
            {
                "low": 1200,
                "up": 2500,
                "value": 0.013599761724957136
            },
            {
                "low": 2500,
                "up": 1000000,
                "value": 0.00030874812689052984
            }
        ],
        "4": [
            {
                "low": 0,
                "up": 70,
                "value": 11.125819737989888
            },
            {
                "low": 70,
                "up": 100,
                "value": 6.035910134168237
            },
            {
                "low": 100,
                "up": 200,
                "value": 4.926243748677932
            },
            {
                "low": 200,
                "up": 400,
                "value": 3.2104607521447
            },
            {
                "low": 400,
                "up": 600,
                "value": 0.8943193805679839
            },
            {
                "low": 600,
                "up": 800,
                "value": 0.15251762328480792
            },
            {
                "low": 800,
                "up": 1200,
                "value": 0.07071901572036637
            },
            {
                "low": 1200,
                "up": 2500,
                "value": 0.015049863597339713
            },
            {
                "low": 2500,
                "up": 1000000,
                "value": 0.00019409422298789273
            }
        ]
    },
    "WJetsToLNu_HT-600To800": {
        "0": [
            {
                "low": 0,
                "up": 70,
                "value": 1097.2813969697702
            },
            {
                "low": 70,
                "up": 100,
                "value": 0.0
            },
            {
                "low": 100,
                "up": 200,
                "value": 0.0
            },
            {
                "low": 200,
                "up": 400,
                "value": 0.0
            },
            {
                "low": 400,
                "up": 600,
                "value": 0.0
            },
            {
                "low": 600,
                "up": 800,
                "value": 0.0
            },
            {
                "low": 800,
                "up": 1200,
                "value": 0.0
            },
            {
                "low": 1200,
                "up": 2500,
                "value": 0.0
            },
            {
                "low": 2500,
                "up": 1000000,
                "value": 0.0
            }
        ],
        "1": [
            {
                "low": 0,
                "up": 70,
                "value": 191.36485943235132
            },
            {
                "low": 70,
                "up": 100,
                "value": 61.4022926352105
            },
            {
                "low": 100,
                "up": 200,
                "value": 45.47672027507287
            },
            {
                "low": 200,
                "up": 400,
                "value": 25.12338153046471
            },
            {
                "low": 400,
                "up": 600,
                "value": 6.578026809604763
            },
            {
                "low": 600,
                "up": 800,
                "value": 1.9630299290773563
            },
            {
                "low": 800,
                "up": 1200,
                "value": 0.800221022289924
            },
            {
                "low": 1200,
                "up": 2500,
                "value": 0.9667088875719457
            },
            {
                "low": 2500,
                "up": 1000000,
                "value": 0.0
            }
        ],
        "2": [
            {
                "low": 0,
                "up": 70,
                "value": 118.31163447373949
            },
            {
                "low": 70,
                "up": 100,
                "value": 51.399030225527646
            },
            {
                "low": 100,
                "up": 200,
                "value": 40.191380200617346
            },
            {
                "low": 200,
                "up": 400,
                "value": 24.100632178054962
            },
            {
                "low": 400,
                "up": 600,
                "value": 5.958270596824354
            },
            {
                "low": 600,
                "up": 800,
                "value": 0.8830884368204862
            },
            {
                "low": 800,
                "up": 1200,
                "value": 0.4083872414582505
            },
            {
                "low": 1200,
                "up": 2500,
                "value": 0.0866689054455751
            },
            {
                "low": 2500,
                "up": 1000000,
                "value": 0.023718137185193115
            }
        ],
        "3": [
            {
                "low": 0,
                "up": 70,
                "value": 70.922621472316
            },
            {
                "low": 70,
                "up": 100,
                "value": 40.50200063722043
            },
            {
                "low": 100,
                "up": 200,
                "value": 33.359039156693235
            },
            {
                "low": 200,
                "up": 400,
                "value": 21.624470955687503
            },
            {
                "low": 400,
                "up": 600,
                "value": 5.858287584801313
            },
            {
                "low": 600,
                "up": 800,
                "value": 0.9409283175366944
            },
            {
                "low": 800,
                "up": 1200,
                "value": 0.4311367428805923
            },
            {
                "low": 1200,
                "up": 2500,
                "value": 0.092056182326754
            },
            {
                "low": 2500,
                "up": 1000000,
                "value": 0.002089902340709427
            }
        ],
        "4": [
            {
                "low": 0,
                "up": 70,
                "value": 75.31017903464215
            },
            {
                "low": 70,
                "up": 100,
                "value": 40.85680727767638
            },
            {
                "low": 100,
                "up": 200,
                "value": 33.345524861815704
            },
            {
                "low": 200,
                "up": 400,
                "value": 21.731466060171126
            },
            {
                "low": 400,
                "up": 600,
                "value": 6.05360811615069
            },
            {
                "low": 600,
                "up": 800,
                "value": 1.0323850094655764
            },
            {
                "low": 800,
                "up": 1200,
                "value": 0.47869387249453066
            },
            {
                "low": 1200,
                "up": 2500,
                "value": 0.10187185741402018
            },
            {
                "low": 2500,
                "up": 1000000,
                "value": 0.0013138151639196763
            }
        ]
    },
    "WJetsToLNu_HT-800To1200": {
        "0": [
            {
                "low": 0,
                "up": 70,
                "value": 2484.296203828071
            },
            {
                "low": 70,
                "up": 100,
                "value": 0.0
            },
            {
                "low": 100,
                "up": 200,
                "value": 0.0
            },
            {
                "low": 200,
                "up": 400,
                "value": 0.0
            },
            {
                "low": 400,
                "up": 600,
                "value": 0.0
            },
            {
                "low": 600,
                "up": 800,
                "value": 0.0
            },
            {
                "low": 800,
                "up": 1200,
                "value": 0.0
            },
            {
                "low": 1200,
                "up": 2500,
                "value": 0.0
            },
            {
                "low": 2500,
                "up": 1000000,
                "value": 0.0
            }
        ],
        "1": [
            {
                "low": 0,
                "up": 70,
                "value": 433.25895722533625
            },
            {
                "low": 70,
                "up": 100,
                "value": 139.017651188883
            },
            {
                "low": 100,
                "up": 200,
                "value": 102.96141341128298
            },
            {
                "low": 200,
                "up": 400,
                "value": 56.88050625465697
            },
            {
                "low": 400,
                "up": 600,
                "value": 14.892959159710063
            },
            {
                "low": 600,
                "up": 800,
                "value": 4.4443912147561155
            },
            {
                "low": 800,
                "up": 1200,
                "value": 1.811737675848928
            },
            {
                "low": 1200,
                "up": 2500,
                "value": 2.1886739593271405
            },
            {
                "low": 2500,
                "up": 1000000,
                "value": 0.0
            }
        ],
        "2": [
            {
                "low": 0,
                "up": 70,
                "value": 267.86305245262696
            },
            {
                "low": 70,
                "up": 100,
                "value": 116.36979905277703
            },
            {
                "low": 100,
                "up": 200,
                "value": 90.99515724475108
            },
            {
                "low": 200,
                "up": 400,
                "value": 54.56495407207572
            },
            {
                "low": 400,
                "up": 600,
                "value": 13.489802220240277
            },
            {
                "low": 600,
                "up": 800,
                "value": 1.9993533630444293
            },
            {
                "low": 800,
                "up": 1200,
                "value": 0.9246077409571725
            },
            {
                "low": 1200,
                "up": 2500,
                "value": 0.19622243973421527
            },
            {
                "low": 2500,
                "up": 1000000,
                "value": 0.05369896758823113
            }
        ],
        "3": [
            {
                "low": 0,
                "up": 70,
                "value": 160.5721192173496
            },
            {
                "low": 70,
                "up": 100,
                "value": 91.69841638467226
            },
            {
                "low": 100,
                "up": 200,
                "value": 75.52641881033196
            },
            {
                "low": 200,
                "up": 400,
                "value": 48.958809703109246
            },
            {
                "low": 400,
                "up": 600,
                "value": 13.263436022925642
            },
            {
                "low": 600,
                "up": 800,
                "value": 2.1303055476799835
            },
            {
                "low": 800,
                "up": 1200,
                "value": 0.976113672050673
            },
            {
                "low": 1200,
                "up": 2500,
                "value": 0.20841948558028842
            },
            {
                "low": 2500,
                "up": 1000000,
                "value": 0.004731636265532046
            }
        ],
        "4": [
            {
                "low": 0,
                "up": 70,
                "value": 170.50575394975755
            },
            {
                "low": 70,
                "up": 100,
                "value": 92.50171514870114
            },
            {
                "low": 100,
                "up": 200,
                "value": 75.49582181711365
            },
            {
                "low": 200,
                "up": 400,
                "value": 49.20105160444002
            },
            {
                "low": 400,
                "up": 600,
                "value": 13.705650805661366
            },
            {
                "low": 600,
                "up": 800,
                "value": 2.3373677590699162
            },
            {
                "low": 800,
                "up": 1200,
                "value": 1.0837852291290453
            },
            {
                "low": 1200,
                "up": 2500,
                "value": 0.23064263127896367
            },
            {
                "low": 2500,
                "up": 1000000,
                "value": 0.0029745387402638403
            }
        ]
    },
    "WJetsToLNu_HT-1200To2500": {
        "0": [
            {
                "low": 0,
                "up": 70,
                "value": 12640.46590355874
            },
            {
                "low": 70,
                "up": 100,
                "value": 0.0
            },
            {
                "low": 100,
                "up": 200,
                "value": 0.0
            },
            {
                "low": 200,
                "up": 400,
                "value": 0.0
            },
            {
                "low": 400,
                "up": 600,
                "value": 0.0
            },
            {
                "low": 600,
                "up": 800,
                "value": 0.0
            },
            {
                "low": 800,
                "up": 1200,
                "value": 0.0
            },
            {
                "low": 1200,
                "up": 2500,
                "value": 0.0
            },
            {
                "low": 2500,
                "up": 1000000,
                "value": 0.0
            }
        ],
        "1": [
            {
                "low": 0,
                "up": 70,
                "value": 2204.485547165974
            },
            {
                "low": 70,
                "up": 100,
                "value": 707.3423358849645
            },
            {
                "low": 100,
                "up": 200,
                "value": 523.8828741927299
            },
            {
                "low": 200,
                "up": 400,
                "value": 289.41641450856156
            },
            {
                "low": 400,
                "up": 600,
                "value": 75.77757522284416
            },
            {
                "low": 600,
                "up": 800,
                "value": 22.613718736772917
            },
            {
                "low": 800,
                "up": 1200,
                "value": 9.218388806645715
            },
            {
                "low": 1200,
                "up": 2500,
                "value": 11.136296273468151
            },
            {
                "low": 2500,
                "up": 1000000,
                "value": 0.0
            }
        ],
        "2": [
            {
                "low": 0,
                "up": 70,
                "value": 1362.9267621683825
            },
            {
                "low": 70,
                "up": 100,
                "value": 592.1067201503522
            },
            {
                "low": 100,
                "up": 200,
                "value": 462.9967959411834
            },
            {
                "low": 200,
                "up": 400,
                "value": 277.6345431009865
            },
            {
                "low": 400,
                "up": 600,
                "value": 68.63810553183902
            },
            {
                "low": 600,
                "up": 800,
                "value": 10.17300512546999
            },
            {
                "low": 800,
                "up": 1200,
                "value": 4.704540708843934
            },
            {
                "low": 1200,
                "up": 2500,
                "value": 0.9984087465703477
            },
            {
                "low": 2500,
                "up": 1000000,
                "value": 0.2732282760040466
            }
        ],
        "3": [
            {
                "low": 0,
                "up": 70,
                "value": 817.014651836398
            },
            {
                "low": 70,
                "up": 100,
                "value": 466.5750822847529
            },
            {
                "low": 100,
                "up": 200,
                "value": 384.28957075199435
            },
            {
                "low": 200,
                "up": 400,
                "value": 249.10965277705762
            },
            {
                "low": 400,
                "up": 600,
                "value": 67.4863208958263
            },
            {
                "low": 600,
                "up": 800,
                "value": 10.839309176626044
            },
            {
                "low": 800,
                "up": 1200,
                "value": 4.966610491350231
            },
            {
                "low": 1200,
                "up": 2500,
                "value": 1.0604691167886247
            },
            {
                "low": 2500,
                "up": 1000000,
                "value": 0.02407526396825709
            }
        ],
        "4": [
            {
                "low": 0,
                "up": 70,
                "value": 867.5584521046285
            },
            {
                "low": 70,
                "up": 100,
                "value": 470.66238500712217
            },
            {
                "low": 100,
                "up": 200,
                "value": 384.1338887327039
            },
            {
                "low": 200,
                "up": 400,
                "value": 250.34221533922977
            },
            {
                "low": 400,
                "up": 600,
                "value": 69.73637500556055
            },
            {
                "low": 600,
                "up": 800,
                "value": 11.89287228192597
            },
            {
                "low": 800,
                "up": 1200,
                "value": 5.514459271996853
            },
            {
                "low": 1200,
                "up": 2500,
                "value": 1.1735437634596073
            },
            {
                "low": 2500,
                "up": 1000000,
                "value": 0.015134892315651488
            }
        ]
    },
    "WJetsToLNu_HT-2500ToInf": {
        "0": [
            {
                "low": 0,
                "up": 70,
                "value": 1785006.9517957743
            },
            {
                "low": 70,
                "up": 100,
                "value": 0.0
            },
            {
                "low": 100,
                "up": 200,
                "value": 0.0
            },
            {
                "low": 200,
                "up": 400,
                "value": 0.0
            },
            {
                "low": 400,
                "up": 600,
                "value": 0.0
            },
            {
                "low": 600,
                "up": 800,
                "value": 0.0
            },
            {
                "low": 800,
                "up": 1200,
                "value": 0.0
            },
            {
                "low": 1200,
                "up": 2500,
                "value": 0.0
            },
            {
                "low": 2500,
                "up": 1000000,
                "value": 0.0
            }
        ],
        "1": [
            {
                "low": 0,
                "up": 70,
                "value": 311303.5592870613
            },
            {
                "low": 70,
                "up": 100,
                "value": 99886.42795979959
            },
            {
                "low": 100,
                "up": 200,
                "value": 73979.43869280169
            },
            {
                "low": 200,
                "up": 400,
                "value": 40869.56254643633
            },
            {
                "low": 400,
                "up": 600,
                "value": 10700.83172527071
            },
            {
                "low": 600,
                "up": 800,
                "value": 3193.366878963666
            },
            {
                "low": 800,
                "up": 1200,
                "value": 1301.7627854671334
            },
            {
                "low": 1200,
                "up": 2500,
                "value": 1572.5975938752035
            },
            {
                "low": 2500,
                "up": 1000000,
                "value": 0.0
            }
        ],
        "2": [
            {
                "low": 0,
                "up": 70,
                "value": 192463.93003395072
            },
            {
                "low": 70,
                "up": 100,
                "value": 83613.58036461416
            },
            {
                "low": 100,
                "up": 200,
                "value": 65381.49034376227
            },
            {
                "low": 200,
                "up": 400,
                "value": 39205.80089966313
            },
            {
                "low": 400,
                "up": 600,
                "value": 9692.640798780292
            },
            {
                "low": 600,
                "up": 800,
                "value": 1436.5676873117156
            },
            {
                "low": 800,
                "up": 1200,
                "value": 664.3455972559058
            },
            {
                "low": 1200,
                "up": 2500,
                "value": 140.98899257028438
            },
            {
                "low": 2500,
                "up": 1000000,
                "value": 38.583575622563785
            }
        ],
        "3": [
            {
                "low": 0,
                "up": 70,
                "value": 115373.66141198875
            },
            {
                "low": 70,
                "up": 100,
                "value": 65886.79339568452
            },
            {
                "low": 100,
                "up": 200,
                "value": 54266.95190893257
            },
            {
                "low": 200,
                "up": 400,
                "value": 35177.695613362725
            },
            {
                "low": 400,
                "up": 600,
                "value": 9529.993029470188
            },
            {
                "low": 600,
                "up": 800,
                "value": 1530.6589472698156
            },
            {
                "low": 800,
                "up": 1200,
                "value": 701.353440732438
            },
            {
                "low": 1200,
                "up": 2500,
                "value": 149.75276703206714
            },
            {
                "low": 2500,
                "up": 1000000,
                "value": 3.399757087874298
            }
        ],
        "4": [
            {
                "low": 0,
                "up": 70,
                "value": 122511.13842725987
            },
            {
                "low": 70,
                "up": 100,
                "value": 66463.97653348872
            },
            {
                "low": 100,
                "up": 200,
                "value": 54244.96747506571
            },
            {
                "low": 200,
                "up": 400,
                "value": 35351.75033245192
            },
            {
                "low": 400,
                "up": 600,
                "value": 9847.731494051746
            },
            {
                "low": 600,
                "up": 800,
                "value": 1679.4364908717844
            },
            {
                "low": 800,
                "up": 1200,
                "value": 778.7171937339585
            },
            {
                "low": 1200,
                "up": 2500,
                "value": 165.72045619158854
            },
            {
                "low": 2500,
                "up": 1000000,
                "value": 2.1372541332129553
            }
        ]
    }
}