{
    "WJetsToLNu": {
        "0": [
            {
                "low": 0,
                "up": 70,
                "value": 1.0000000000000002
            },
            {
                "low": 70,
                "up": 100,
                "value": 0.0
            },
            {
                "low": 100,
                "up": 200,
                "value": 0.0
            },
            {
                "low": 200,
                "up": 400,
                "value": 0.0
            },
            {
                "low": 400,
                "up": 600,
                "value": 0.0
            },
            {
                "low": 600,
                "up": 800,
                "value": 0.0
            },
            {
                "low": 800,
                "up": 1200,
                "value": 0.0
            },
            {
                "low": 1200,
                "up": 2500,
                "value": 0.0
            },
            {
                "low": 2500,
                "up": 1000000,
                "value": 0.0
            }
        ],
        "1": [
            {
                "low": 0,
                "up": 70,
                "value": 0.247434878711487
            },
            {
                "low": 70,
                "up": 100,
                "value": 0.11515812150054144
            },
            {
                "low": 100,
                "up": 200,
                "value": 0.045926530203561786
            },
            {
                "low": 200,
                "up": 400,
                "value": 0.013899072253077642
            },
            {
                "low": 400,
                "up": 600,
                "value": 0.008358878006602127
            },
            {
                "low": 600,
                "up": 800,
                "value": 0.001039952638043517
            },
            {
                "low": 800,
                "up": 1200,
                "value": 0.0011661448492073982
            },
            {
                "low": 1200,
                "up": 2500,
                "value": 8.815609310979391e-05
            },
            {
                "low": 2500,
                "up": 1000000,
                "value": 1.6845611460814964e-06
            }
        ],
        "2": [
            {
                "low": 0,
                "up": 70,
                "value": 0.07636801573705063
            },
            {
                "low": 70,
                "up": 100,
                "value": 0.056103398275503535
            },
            {
                "low": 100,
                "up": 200,
                "value": 0.032647156660977485
            },
            {
                "low": 200,
                "up": 400,
                "value": 0.013115841900112097
            },
            {
                "low": 400,
                "up": 600,
                "value": 0.009133309145429999
            },
            {
                "low": 600,
                "up": 800,
                "value": 0.000942187755958277
            },
            {
                "low": 800,
                "up": 1200,
                "value": 0.0009727597909098615
            },
            {
                "low": 1200,
                "up": 2500,
                "value": 0.00022304252170282388
            },
            {
                "low": 2500,
                "up": 1000000,
                "value": 2.7405863910091623e-06
            }
        ],
        "3": [
            {
                "low": 0,
                "up": 70,
                "value": 0.026715669158948633
            },
            {
                "low": 70,
                "up": 100,
                "value": 0.023236034014554877
            },
            {
                "low": 100,
                "up": 200,
                "value": 0.018340806722021034
            },
            {
                "low": 200,
                "up": 400,
                "value": 0.010334727655924046
            },
            {
                "low": 400,
                "up": 600,
                "value": 0.00812129279710458
            },
            {
                "low": 600,
                "up": 800,
                "value": 0.001016906485366668
            },
            {
                "low": 800,
                "up": 1200,
                "value": 0.0009948653412820583
            },
            {
                "low": 1200,
                "up": 2500,
                "value": 0.00024864278933968816
            },
            {
                "low": 2500,
                "up": 1000000,
                "value": 8.576815241681156e-06
            }
        ],
        "4": [
            {
                "low": 0,
                "up": 70,
                "value": 0.030595774262548125
            },
            {
                "low": 70,
                "up": 100,
                "value": 0.02583904280890065
            },
            {
                "low": 100,
                "up": 200,
                "value": 0.020109530555043758
            },
            {
                "low": 200,
                "up": 400,
                "value": 0.010995473605475432
            },
            {
                "low": 400,
                "up": 600,
                "value": 0.008531366169456718
            },
            {
                "low": 600,
                "up": 800,
                "value": 0.0010764351444978132
            },
            {
                "low": 800,
                "up": 1200,
                "value": 0.0010723761394123097
            },
            {
                "low": 1200,
                "up": 2500,
                "value": 0.00024505984445241045
            },
            {
                "low": 2500,
                "up": 1000000,
                "value": 7.3262003514660955e-06
            }
        ]
    },
    "W1JetsToLNu": {
        "0": [
            {
                "low": 0,
                "up": 70,
                "value": 3.2948769242127076
            },
            {
                "low": 70,
                "up": 100,
                "value": 0.0
            },
            {
                "low": 100,
                "up": 200,
                "value": 0.0
            },
            {
                "low": 200,
                "up": 400,
                "value": 0.0
            },
            {
                "low": 400,
                "up": 600,
                "value": 0.0
            },
            {
                "low": 600,
                "up": 800,
                "value": 0.0
            },
            {
                "low": 800,
                "up": 1200,
                "value": 0.0
            },
            {
                "low": 1200,
                "up": 2500,
                "value": 0.0
            },
            {
                "low": 2500,
                "up": 1000000,
                "value": 0.0
            }
        ],
        "1": [
            {
                "low": 0,
                "up": 70,
                "value": 0.8152674721118486
            },
            {
                "low": 70,
                "up": 100,
                "value": 0.3794318371678172
            },
            {
                "low": 100,
                "up": 200,
                "value": 0.15132226457687364
            },
            {
                "low": 200,
                "up": 400,
                "value": 0.04579573243463064
            },
            {
                "low": 400,
                "up": 600,
                "value": 0.02754147425626246
            },
            {
                "low": 600,
                "up": 800,
                "value": 0.0034265159493637133
            },
            {
                "low": 800,
                "up": 1200,
                "value": 0.0038423037539429637
            },
            {
                "low": 1200,
                "up": 2500,
                "value": 0.0002904634769162068
            },
            {
                "low": 2500,
                "up": 1000000,
                "value": 5.550421647649234e-06
            }
        ],
        "2": [
            {
                "low": 0,
                "up": 70,
                "value": 0.251623212799921
            },
            {
                "low": 70,
                "up": 100,
                "value": 0.18485379234787158
            },
            {
                "low": 100,
                "up": 200,
                "value": 0.10756836312341189
            },
            {
                "low": 200,
                "up": 400,
                "value": 0.0432150848183015
            },
            {
                "low": 400,
                "up": 600,
                "value": 0.03009312954497818
            },
            {
                "low": 600,
                "up": 800,
                "value": 0.0031043926953826803
            },
            {
                "low": 800,
                "up": 1200,
                "value": 0.0032051237878708803
            },
            {
                "low": 1200,
                "up": 2500,
                "value": 0.0007348976578768463
            },
            {
                "low": 2500,
                "up": 1000000,
                "value": 9.029894858547472e-06
            }
        ],
        "3": [
            {
                "low": 0,
                "up": 70,
                "value": 0.08802484182672095
            },
            {
                "low": 70,
                "up": 100,
                "value": 0.07655987228477842
            },
            {
                "low": 100,
                "up": 200,
                "value": 0.06043070083983241
            },
            {
                "low": 200,
                "up": 400,
                "value": 0.03405165567152702
            },
            {
                "low": 400,
                "up": 600,
                "value": 0.026758660231954758
            },
            {
                "low": 600,
                "up": 800,
                "value": 0.0033505817127168817
            },
            {
                "low": 800,
                "up": 1200,
                "value": 0.0032779588556892535
            },
            {
                "low": 1200,
                "up": 2500,
                "value": 0.0008192473889672198
            },
            {
                "low": 2500,
                "up": 1000000,
                "value": 2.8259550623051076e-05
            }
        ],
        "4": [
            {
                "low": 0,
                "up": 70,
                "value": 0.10080931059609087
            },
            {
                "low": 70,
                "up": 100,
                "value": 0.08513646589479104
            },
            {
                "low": 100,
                "up": 200,
                "value": 0.06625842818256404
            },
            {
                "low": 200,
                "up": 400,
                "value": 0.0362287322534709
            },
            {
                "low": 400,
                "up": 600,
                "value": 0.028109801523751896
            },
            {
                "low": 600,
                "up": 800,
                "value": 0.0035467213180174154
            },
            {
                "low": 800,
                "up": 1200,
                "value": 0.003533347395825928
            },
            {
                "low": 1200,
                "up": 2500,
                "value": 0.0008074420265374026
            },
            {
                "low": 2500,
                "up": 1000000,
                "value": 2.4138928480204662e-05
            }
        ]
    },
    "W2JetsToLNu": {
        "0": [
            {
                "low": 0,
                "up": 70,
                "value": 13.144655014198552
            },
            {
                "low": 70,
                "up": 100,
                "value": 0.0
            },
            {
                "low": 100,
                "up": 200,
                "value": 0.0
            },
            {
                "low": 200,
                "up": 400,
                "value": 0.0
            },
            {
                "low": 400,
                "up": 600,
                "value": 0.0
            },
            {
                "low": 600,
                "up": 800,
                "value": 0.0
            },
            {
                "low": 800,
                "up": 1200,
                "value": 0.0
            },
            {
                "low": 1200,
                "up": 2500,
                "value": 0.0
            },
            {
                "low": 2500,
                "up": 1000000,
                "value": 0.0
            }
        ],
        "1": [
            {
                "low": 0,
                "up": 70,
                "value": 3.252446119142558
            },
            {
                "low": 70,
                "up": 100,
                "value": 1.513713779207778
            },
            {
                "low": 100,
                "up": 200,
                "value": 0.6036883955249895
            },
            {
                "low": 200,
                "up": 400,
                "value": 0.18269850978412497
            },
            {
                "low": 400,
                "up": 600,
                "value": 0.10987456770255662
            },
            {
                "low": 600,
                "up": 800,
                "value": 0.013669818658187723
            },
            {
                "low": 800,
                "up": 1200,
                "value": 0.015328571739415838
            },
            {
                "low": 1200,
                "up": 2500,
                "value": 0.0011587814313278066
            },
            {
                "low": 2500,
                "up": 1000000,
                "value": 2.2142975115564198e-05
            }
        ],
        "2": [
            {
                "low": 0,
                "up": 70,
                "value": 1.0038312209824163
            },
            {
                "low": 70,
                "up": 100,
                "value": 0.7374598154556758
            },
            {
                "low": 100,
                "up": 200,
                "value": 0.4291356115030433
            },
            {
                "low": 200,
                "up": 400,
                "value": 0.1724032169977439
            },
            {
                "low": 400,
                "up": 600,
                "value": 0.1200541978547019
            },
            {
                "low": 600,
                "up": 800,
                "value": 0.012384733010673445
            },
            {
                "low": 800,
                "up": 1200,
                "value": 0.012786591863194044
            },
            {
                "low": 1200,
                "up": 2500,
                "value": 0.0029318170012805128
            },
            {
                "low": 2500,
                "up": 1000000,
                "value": 3.602406264642289e-05
            }
        ],
        "3": [
            {
                "low": 0,
                "up": 70,
                "value": 0.3511682545678437
            },
            {
                "low": 70,
                "up": 100,
                "value": 0.30542965101950686
            },
            {
                "low": 100,
                "up": 200,
                "value": 0.24108357704306024
            },
            {
                "low": 200,
                "up": 400,
                "value": 0.13584642970281843
            },
            {
                "low": 400,
                "up": 600,
                "value": 0.1067515920872353
            },
            {
                "low": 600,
                "up": 800,
                "value": 0.013366884931845997
            },
            {
                "low": 800,
                "up": 1200,
                "value": 0.013077161696735558
            },
            {
                "low": 1200,
                "up": 2500,
                "value": 0.0032683236876382455
            },
            {
                "low": 2500,
                "up": 1000000,
                "value": 0.00011273927747241876
            }
        ],
        "4": [
            {
                "low": 0,
                "up": 70,
                "value": 0.4021708975734901
            },
            {
                "low": 70,
                "up": 100,
                "value": 0.3396453036201069
            },
            {
                "low": 100,
                "up": 200,
                "value": 0.2643328416435349
            },
            {
                "low": 200,
                "up": 400,
                "value": 0.14453170726170045
            },
            {
                "low": 400,
                "up": 600,
                "value": 0.11214186509731311
            },
            {
                "low": 600,
                "up": 800,
                "value": 0.01414936861958272
            },
            {
                "low": 800,
                "up": 1200,
                "value": 0.014096014398032899
            },
            {
                "low": 1200,
                "up": 2500,
                "value": 0.003221227113160094
            },
            {
                "low": 2500,
                "up": 1000000,
                "value": 9.6300376184922e-05
            }
        ]
    },
    "W3JetsToLNu": {
        "0": [
            {
                "low": 0,
                "up": 70,
                "value": 36.25329098670904
            },
            {
                "low": 70,
                "up": 100,
                "value": 0.0
            },
            {
                "low": 100,
                "up": 200,
                "value": 0.0
            },
            {
                "low": 200,
                "up": 400,
                "value": 0.0
            },
            {
                "low": 400,
                "up": 600,
                "value": 0.0
            },
            {
                "low": 600,
                "up": 800,
                "value": 0.0
            },
            {
                "low": 800,
                "up": 1200,
                "value": 0.0
            },
            {
                "low": 1200,
                "up": 2500,
                "value": 0.0
            },
            {
                "low": 2500,
                "up": 1000000,
                "value": 0.0
            }
        ],
        "1": [
            {
                "low": 0,
                "up": 70,
                "value": 8.970328658188595
            },
            {
                "low": 70,
                "up": 100,
                "value": 4.174860888241923
            },
            {
                "low": 100,
                "up": 200,
                "value": 1.664987863479607
            },
            {
                "low": 200,
                "up": 400,
                "value": 0.5038871108361174
            },
            {
                "low": 400,
                "up": 600,
                "value": 0.30303683669574927
            },
            {
                "low": 600,
                "up": 800,
                "value": 0.03770170559938731
            },
            {
                "low": 800,
                "up": 1200,
                "value": 0.04227658855096774
            },
            {
                "low": 1200,
                "up": 2500,
                "value": 0.003195948495760774
            },
            {
                "low": 2500,
                "up": 1000000,
                "value": 6.107088541379656e-05
            }
        ],
        "2": [
            {
                "low": 0,
                "up": 70,
                "value": 2.7685918965928713
            },
            {
                "low": 70,
                "up": 100,
                "value": 2.0339328230250597
            },
            {
                "low": 100,
                "up": 200,
                "value": 1.183566870319093
            },
            {
                "low": 200,
                "up": 400,
                "value": 0.4754924329404346
            },
            {
                "low": 400,
                "up": 600,
                "value": 0.3311125141208446
            },
            {
                "low": 600,
                "up": 800,
                "value": 0.034157406880869816
            },
            {
                "low": 800,
                "up": 1200,
                "value": 0.03526574376002545
            },
            {
                "low": 1200,
                "up": 2500,
                "value": 0.008086025441701838
            },
            {
                "low": 2500,
                "up": 1000000,
                "value": 9.935527590746991e-05
            }
        ],
        "3": [
            {
                "low": 0,
                "up": 70,
                "value": 0.9685309279240131
            },
            {
                "low": 70,
                "up": 100,
                "value": 0.842382702506727
            },
            {
                "low": 100,
                "up": 200,
                "value": 0.6649146030244176
            },
            {
                "low": 200,
                "up": 400,
                "value": 0.3746678889786038
            },
            {
                "low": 400,
                "up": 600,
                "value": 0.2944235909616965
            },
            {
                "low": 600,
                "up": 800,
                "value": 0.03686620672026939
            },
            {
                "low": 800,
                "up": 1200,
                "value": 0.03606714271009005
            },
            {
                "low": 1200,
                "up": 2500,
                "value": 0.00901411939367871
            },
            {
                "low": 2500,
                "up": 1000000,
                "value": 0.00031093777869590816
            }
        ],
        "4": [
            {
                "low": 0,
                "up": 70,
                "value": 1.1091975073038203
            },
            {
                "low": 70,
                "up": 100,
                "value": 0.9367503377691069
            },
            {
                "low": 100,
                "up": 200,
                "value": 0.7290366628181179
            },
            {
                "low": 200,
                "up": 400,
                "value": 0.3986221041559796
            },
            {
                "low": 400,
                "up": 600,
                "value": 0.3092901002554796
            },
            {
                "low": 600,
                "up": 800,
                "value": 0.039024316521799406
            },
            {
                "low": 800,
                "up": 1200,
                "value": 0.03887716422931812
            },
            {
                "low": 1200,
                "up": 2500,
                "value": 0.00888422585009089
            },
            {
                "low": 2500,
                "up": 1000000,
                "value": 0.00026559887316863036
            }
        ]
    },
    "W4JetsToLNu": {
        "0": [
            {
                "low": 0,
                "up": 70,
                "value": 30.71953681394696
            },
            {
                "low": 70,
                "up": 100,
                "value": 0.0
            },
            {
                "low": 100,
                "up": 200,
                "value": 0.0
            },
            {
                "low": 200,
                "up": 400,
                "value": 0.0
            },
            {
                "low": 400,
                "up": 600,
                "value": 0.0
            },
            {
                "low": 600,
                "up": 800,
                "value": 0.0
            },
            {
                "low": 800,
                "up": 1200,
                "value": 0.0
            },
            {
                "low": 1200,
                "up": 2500,
                "value": 0.0
            },
            {
                "low": 2500,
                "up": 1000000,
                "value": 0.0
            }
        ],
        "1": [
            {
                "low": 0,
                "up": 70,
                "value": 7.601084865632025
            },
            {
                "low": 70,
                "up": 100,
                "value": 3.5376041528608595
            },
            {
                "low": 100,
                "up": 200,
                "value": 1.410841735325163
            },
            {
                "low": 200,
                "up": 400,
                "value": 0.42697306175812727
            },
            {
                "low": 400,
                "up": 600,
                "value": 0.25678086064710554
            },
            {
                "low": 600,
                "up": 800,
                "value": 0.03194686334913907
            },
            {
                "low": 800,
                "up": 1200,
                "value": 0.035823429625621295
            },
            {
                "low": 1200,
                "up": 2500,
                "value": 0.0027081143476600494
            },
            {
                "low": 2500,
                "up": 1000000,
                "value": 5.17489381423952e-05
            }
        ],
        "2": [
            {
                "low": 0,
                "up": 70,
                "value": 2.345990070842407
            },
            {
                "low": 70,
                "up": 100,
                "value": 1.7234704087118589
            },
            {
                "low": 100,
                "up": 200,
                "value": 1.0029055309175914
            },
            {
                "low": 200,
                "up": 400,
                "value": 0.40291258809640157
            },
            {
                "low": 400,
                "up": 600,
                "value": 0.28057102652619526
            },
            {
                "low": 600,
                "up": 800,
                "value": 0.02894357145481036
            },
            {
                "low": 800,
                "up": 1200,
                "value": 0.029882730207982832
            },
            {
                "low": 1200,
                "up": 2500,
                "value": 0.00685176295652546
            },
            {
                "low": 2500,
                "up": 1000000,
                "value": 8.418954453040799e-05
            }
        ],
        "3": [
            {
                "low": 0,
                "up": 70,
                "value": 0.8206929822375498
            },
            {
                "low": 70,
                "up": 100,
                "value": 0.7138002023202422
            },
            {
                "low": 100,
                "up": 200,
                "value": 0.5634210872946109
            },
            {
                "low": 200,
                "up": 400,
                "value": 0.31747804668827445
            },
            {
                "low": 400,
                "up": 600,
                "value": 0.24948235305749644
            },
            {
                "low": 600,
                "up": 800,
                "value": 0.03123889621356277
            },
            {
                "low": 800,
                "up": 1200,
                "value": 0.03056180247643409
            },
            {
                "low": 1200,
                "up": 2500,
                "value": 0.007638191320643008
            },
            {
                "low": 2500,
                "up": 1000000,
                "value": 0.00026347579156324566
            }
        ],
        "4": [
            {
                "low": 0,
                "up": 70,
                "value": 0.9398880138095579
            },
            {
                "low": 70,
                "up": 100,
                "value": 0.7937634268051749
            },
            {
                "low": 100,
                "up": 200,
                "value": 0.6177554641968579
            },
            {
                "low": 200,
                "up": 400,
                "value": 0.3377758562101846
            },
            {
                "low": 400,
                "up": 600,
                "value": 0.26207961711588723
            },
            {
                "low": 600,
                "up": 800,
                "value": 0.03306758904922688
            },
            {
                "low": 800,
                "up": 1200,
                "value": 0.03294289829307476
            },
            {
                "low": 1200,
                "up": 2500,
                "value": 0.007528124913275937
            },
            {
                "low": 2500,
                "up": 1000000,
                "value": 0.00022505748140321384
            }
        ]
    },
    "WJetsToLNu_HT-70To100": {
        "0": [
            {
                "low": 0,
                "up": 70,
                "value": 4.708517786667741
            },
            {
                "low": 70,
                "up": 100,
                "value": 0.0
            },
            {
                "low": 100,
                "up": 200,
                "value": 0.0
            },
            {
                "low": 200,
                "up": 400,
                "value": 0.0
            },
            {
                "low": 400,
                "up": 600,
                "value": 0.0
            },
            {
                "low": 600,
                "up": 800,
                "value": 0.0
            },
            {
                "low": 800,
                "up": 1200,
                "value": 0.0
            },
            {
                "low": 1200,
                "up": 2500,
                "value": 0.0
            },
            {
                "low": 2500,
                "up": 1000000,
                "value": 0.0
            }
        ],
        "1": [
            {
                "low": 0,
                "up": 70,
                "value": 1.1650515274550117
            },
            {
                "low": 70,
                "up": 100,
                "value": 0.5422240633645441
            },
            {
                "low": 100,
                "up": 200,
                "value": 0.21624588434340386
            },
            {
                "low": 200,
                "up": 400,
                "value": 0.06544402892179614
            },
            {
                "low": 400,
                "up": 600,
                "value": 0.039357925770671896
            },
            {
                "low": 600,
                "up": 800,
                "value": 0.0048966354935199375
            },
            {
                "low": 800,
                "up": 1200,
                "value": 0.005490813764324005
            },
            {
                "low": 1200,
                "up": 2500,
                "value": 0.00041508453241060207
            },
            {
                "low": 2500,
                "up": 1000000,
                "value": 7.93178611905412e-06
            }
        ],
        "2": [
            {
                "low": 0,
                "up": 70,
                "value": 0.3595801604304248
            },
            {
                "low": 70,
                "up": 100,
                "value": 0.26416384867271264
            },
            {
                "low": 100,
                "up": 200,
                "value": 0.15371971782234067
            },
            {
                "low": 200,
                "up": 400,
                "value": 0.06175617487379982
            },
            {
                "low": 400,
                "up": 600,
                "value": 0.04300434856239229
            },
            {
                "low": 600,
                "up": 800,
                "value": 0.004436307807310112
            },
            {
                "low": 800,
                "up": 1200,
                "value": 0.004580256777654275
            },
            {
                "low": 1200,
                "up": 2500,
                "value": 0.0010501996806209716
            },
            {
                "low": 2500,
                "up": 1000000,
                "value": 1.2904099767966192e-05
            }
        ],
        "3": [
            {
                "low": 0,
                "up": 70,
                "value": 0.12579120341764044
            },
            {
                "low": 70,
                "up": 100,
                "value": 0.10940727944914827
            },
            {
                "low": 100,
                "up": 200,
                "value": 0.0863580146724713
            },
            {
                "low": 200,
                "up": 400,
                "value": 0.048661248988285374
            },
            {
                "low": 400,
                "up": 600,
                "value": 0.03823925158590353
            },
            {
                "low": 600,
                "up": 800,
                "value": 0.0047881222737267345
            },
            {
                "low": 800,
                "up": 1200,
                "value": 0.004684341154765843
            },
            {
                "low": 1200,
                "up": 2500,
                "value": 0.0011707389961326017
            },
            {
                "low": 2500,
                "up": 1000000,
                "value": 4.03840871184187e-05
            }
        ],
        "4": [
            {
                "low": 0,
                "up": 70,
                "value": 0.1440607473120789
            },
            {
                "low": 70,
                "up": 100,
                "value": 0.12166359265617789
            },
            {
                "low": 100,
                "up": 200,
                "value": 0.09468608229996194
            },
            {
                "low": 200,
                "up": 400,
                "value": 0.05177238304421674
            },
            {
                "low": 400,
                "up": 600,
                "value": 0.04017008935346238
            },
            {
                "low": 600,
                "up": 800,
                "value": 0.0050684140240622125
            },
            {
                "low": 800,
                "up": 1200,
                "value": 0.005049302126420944
            },
            {
                "low": 1200,
                "up": 2500,
                "value": 0.0011538686364022043
            },
            {
                "low": 2500,
                "up": 1000000,
                "value": 3.4495544663569564e-05
            }
        ]
    },
    "WJetsToLNu_HT-100To200": {
        "0": [
            {
                "low": 0,
                "up": 70,
                "value": 17.066355993977503
            },
            {
                "low": 70,
                "up": 100,
                "value": 0.0
            },
            {
                "low": 100,
                "up": 200,
                "value": 0.0
            },
            {
                "low": 200,
                "up": 400,
                "value": 0.0
            },
            {
                "low": 400,
                "up": 600,
                "value": 0.0
            },
            {
                "low": 600,
                "up": 800,
                "value": 0.0
            },
            {
                "low": 800,
                "up": 1200,
                "value": 0.0
            },
            {
                "low": 1200,
                "up": 2500,
                "value": 0.0
            },
            {
                "low": 2500,
                "up": 1000000,
                "value": 0.0
            }
        ],
        "1": [
            {
                "low": 0,
                "up": 70,
                "value": 4.222811725416882
            },
            {
                "low": 70,
                "up": 100,
                "value": 1.9653294971259545
            },
            {
                "low": 100,
                "up": 200,
                "value": 0.7837985140221454
            },
            {
                "low": 200,
                "up": 400,
                "value": 0.23720651505703796
            },
            {
                "low": 400,
                "up": 600,
                "value": 0.1426555877709009
            },
            {
                "low": 600,
                "up": 800,
                "value": 0.017748201937726686
            },
            {
                "low": 800,
                "up": 1200,
                "value": 0.019901843137116668
            },
            {
                "low": 1200,
                "up": 2500,
                "value": 0.0015045032680499697
            },
            {
                "low": 2500,
                "up": 1000000,
                "value": 2.8749320212649553e-05
            }
        ],
        "2": [
            {
                "low": 0,
                "up": 70,
                "value": 1.303323743122182
            },
            {
                "low": 70,
                "up": 100,
                "value": 0.9574805674416467
            },
            {
                "low": 100,
                "up": 200,
                "value": 0.5571679977673956
            },
            {
                "low": 200,
                "up": 400,
                "value": 0.22383962702803933
            },
            {
                "low": 400,
                "up": 600,
                "value": 0.15587230527895876
            },
            {
                "low": 600,
                "up": 800,
                "value": 0.016079711656350748
            },
            {
                "low": 800,
                "up": 1200,
                "value": 0.016601464888294813
            },
            {
                "low": 1200,
                "up": 2500,
                "value": 0.0038065230771748447
            },
            {
                "low": 2500,
                "up": 1000000,
                "value": 4.6771822981212384e-05
            }
        ],
        "3": [
            {
                "low": 0,
                "up": 70,
                "value": 0.4559391204839428
            },
            {
                "low": 70,
                "up": 100,
                "value": 0.3965544283805637
            },
            {
                "low": 100,
                "up": 200,
                "value": 0.3130107367347465
            },
            {
                "low": 200,
                "up": 400,
                "value": 0.17637614127680437
            },
            {
                "low": 400,
                "up": 600,
                "value": 0.13860087400671206
            },
            {
                "low": 600,
                "up": 800,
                "value": 0.01735488809185203
            },
            {
                "low": 800,
                "up": 1200,
                "value": 0.016978726080389524
            },
            {
                "low": 1200,
                "up": 2500,
                "value": 0.004243426358206672
            },
            {
                "low": 2500,
                "up": 1000000,
                "value": 0.00014637498220910277
            }
        ],
        "4": [
            {
                "low": 0,
                "up": 70,
                "value": 0.5221583754760207
            },
            {
                "low": 70,
                "up": 100,
                "value": 0.4409783031203228
            },
            {
                "low": 100,
                "up": 200,
                "value": 0.34319640732414475
            },
            {
                "low": 200,
                "up": 400,
                "value": 0.18765266687342702
            },
            {
                "low": 400,
                "up": 600,
                "value": 0.1455993321629245
            },
            {
                "low": 600,
                "up": 800,
                "value": 0.018370825380428286
            },
            {
                "low": 800,
                "up": 1200,
                "value": 0.018301552954657723
            },
            {
                "low": 1200,
                "up": 2500,
                "value": 0.004182278545253589
            },
            {
                "low": 2500,
                "up": 1000000,
                "value": 0.00012503154328132347
            }
        ]
    },
    "WJetsToLNu_HT-200To400": {
        "0": [
            {
                "low": 0,
                "up": 70,
                "value": 56.55030313827059
            },
            {
                "low": 70,
                "up": 100,
                "value": 0.0
            },
            {
                "low": 100,
                "up": 200,
                "value": 0.0
            },
            {
                "low": 200,
                "up": 400,
                "value": 0.0
            },
            {
                "low": 400,
                "up": 600,
                "value": 0.0
            },
            {
                "low": 600,
                "up": 800,
                "value": 0.0
            },
            {
                "low": 800,
                "up": 1200,
                "value": 0.0
            },
            {
                "low": 1200,
                "up": 2500,
                "value": 0.0
            },
            {
                "low": 2500,
                "up": 1000000,
                "value": 0.0
            }
        ],
        "1": [
            {
                "low": 0,
                "up": 70,
                "value": 13.992517398115806
            },
            {
                "low": 70,
                "up": 100,
                "value": 6.512226679689414
            },
            {
                "low": 100,
                "up": 200,
                "value": 2.597159205100359
            },
            {
                "low": 200,
                "up": 400,
                "value": 0.7859967492522661
            },
            {
                "low": 400,
                "up": 600,
                "value": 0.4726970851691732
            },
            {
                "low": 600,
                "up": 800,
                "value": 0.05880963693080506
            },
            {
                "low": 800,
                "up": 1200,
                "value": 0.0659458447258112
            },
            {
                "low": 1200,
                "up": 2500,
                "value": 0.004985253788844453
            },
            {
                "low": 2500,
                "up": 1000000,
                "value": 9.526244346586114e-05
            }
        ],
        "2": [
            {
                "low": 0,
                "up": 70,
                "value": 4.318634439998432
            },
            {
                "low": 70,
                "up": 100,
                "value": 3.172664179566852
            },
            {
                "low": 100,
                "up": 200,
                "value": 1.8462066057808866
            },
            {
                "low": 200,
                "up": 400,
                "value": 0.74170483536497
            },
            {
                "low": 400,
                "up": 600,
                "value": 0.5164914008296054
            },
            {
                "low": 600,
                "up": 800,
                "value": 0.053281003212607474
            },
            {
                "low": 800,
                "up": 1200,
                "value": 0.055009861056673375
            },
            {
                "low": 1200,
                "up": 2500,
                "value": 0.012613122215018986
            },
            {
                "low": 2500,
                "up": 1000000,
                "value": 0.0001549809911881871
            }
        ],
        "3": [
            {
                "low": 0,
                "up": 70,
                "value": 1.5107791894802916
            },
            {
                "low": 70,
                "up": 100,
                "value": 1.3140047672542448
            },
            {
                "low": 100,
                "up": 200,
                "value": 1.0371781799307203
            },
            {
                "low": 200,
                "up": 400,
                "value": 0.5844319817939734
            },
            {
                "low": 400,
                "up": 600,
                "value": 0.4592615695509175
            },
            {
                "low": 600,
                "up": 800,
                "value": 0.0575063700107584
            },
            {
                "low": 800,
                "up": 1200,
                "value": 0.056259936631259416
            },
            {
                "low": 1200,
                "up": 2500,
                "value": 0.014060825110304518
            },
            {
                "low": 2500,
                "up": 1000000,
                "value": 0.0004850215018780089
            }
        ],
        "4": [
            {
                "low": 0,
                "up": 70,
                "value": 1.7302003092971936
            },
            {
                "low": 70,
                "up": 100,
                "value": 1.4612057036460824
            },
            {
                "low": 100,
                "up": 200,
                "value": 1.1372000488560394
            },
            {
                "low": 200,
                "up": 400,
                "value": 0.6217973655384887
            },
            {
                "low": 400,
                "up": 600,
                "value": 0.4824513430663637
            },
            {
                "low": 600,
                "up": 800,
                "value": 0.06087273373003943
            },
            {
                "low": 800,
                "up": 1200,
                "value": 0.06064319576201443
            },
            {
                "low": 1200,
                "up": 2500,
                "value": 0.013858208490801249
            },
            {
                "low": 2500,
                "up": 1000000,
                "value": 0.0004142988507271122
            }
        ]
    },
    "WJetsToLNu_HT-400To600": {
        "0": [
            {
                "low": 0,
                "up": 70,
                "value": 78.35730164393928
            },
            {
                "low": 70,
                "up": 100,
                "value": 0.0
            },
            {
                "low": 100,
                "up": 200,
                "value": 0.0
            },
            {
                "low": 200,
                "up": 400,
                "value": 0.0
            },
            {
                "low": 400,
                "up": 600,
                "value": 0.0
            },
            {
                "low": 600,
                "up": 800,
                "value": 0.0
            },
            {
                "low": 800,
                "up": 1200,
                "value": 0.0
            },
            {
                "low": 1200,
                "up": 2500,
                "value": 0.0
            },
            {
                "low": 2500,
                "up": 1000000,
                "value": 0.0
            }
        ],
        "1": [
            {
                "low": 0,
                "up": 70,
                "value": 19.388329428427515
            },
            {
                "low": 70,
                "up": 100,
                "value": 9.023479663167333
            },
            {
                "low": 100,
                "up": 200,
                "value": 3.598678980619978
            },
            {
                "low": 200,
                "up": 400,
                "value": 1.0890937971053112
            },
            {
                "low": 400,
                "up": 600,
                "value": 0.6549791253682126
            },
            {
                "low": 600,
                "up": 800,
                "value": 0.08148788255458624
            },
            {
                "low": 800,
                "up": 1200,
                "value": 0.09137596370987017
            },
            {
                "low": 1200,
                "up": 2500,
                "value": 0.0069076735795553165
            },
            {
                "low": 2500,
                "up": 1000000,
                "value": 0.00013199766586116784
            }
        ],
        "2": [
            {
                "low": 0,
                "up": 70,
                "value": 5.983991645057177
            },
            {
                "low": 70,
                "up": 100,
                "value": 4.396110901923692
            },
            {
                "low": 100,
                "up": 200,
                "value": 2.5581431023011536
            },
            {
                "low": 200,
                "up": 400,
                "value": 1.0277219800813011
            },
            {
                "low": 400,
                "up": 600,
                "value": 0.7156614597158075
            },
            {
                "low": 600,
                "up": 800,
                "value": 0.07382729019884894
            },
            {
                "low": 800,
                "up": 1200,
                "value": 0.0762228323634193
            },
            {
                "low": 1200,
                "up": 2500,
                "value": 0.01747701015249304
            },
            {
                "low": 2500,
                "up": 1000000,
                "value": 0.0002147449545215798
            }
        ],
        "3": [
            {
                "low": 0,
                "up": 70,
                "value": 2.093367746907423
            },
            {
                "low": 70,
                "up": 100,
                "value": 1.8207129262873096
            },
            {
                "low": 100,
                "up": 200,
                "value": 1.437136124710591
            },
            {
                "low": 200,
                "up": 400,
                "value": 0.8098013723432018
            },
            {
                "low": 400,
                "up": 600,
                "value": 0.636362589441475
            },
            {
                "low": 600,
                "up": 800,
                "value": 0.07968204821755412
            },
            {
                "low": 800,
                "up": 1200,
                "value": 0.07795496364193882
            },
            {
                "low": 1200,
                "up": 2500,
                "value": 0.019482978045880388
            },
            {
                "low": 2500,
                "up": 1000000,
                "value": 0.0006720560990367462
            }
        ],
        "4": [
            {
                "low": 0,
                "up": 70,
                "value": 2.3974023129203568
            },
            {
                "low": 70,
                "up": 100,
                "value": 2.0246776715676877
            },
            {
                "low": 100,
                "up": 200,
                "value": 1.5757285516195771
            },
            {
                "low": 200,
                "up": 400,
                "value": 0.8615756420222108
            },
            {
                "low": 400,
                "up": 600,
                "value": 0.6684948323750186
            },
            {
                "low": 600,
                "up": 800,
                "value": 0.08434655331755249
            },
            {
                "low": 800,
                "up": 1200,
                "value": 0.08402850063169341
            },
            {
                "low": 1200,
                "up": 2500,
                "value": 0.01920222815257436
            },
            {
                "low": 2500,
                "up": 1000000,
                "value": 0.0005740612908437627
            }
        ]
    },
    "WJetsToLNu_HT-600To800": {
        "0": [
            {
                "low": 0,
                "up": 70,
                "value": 840.8178811513345
            },
            {
                "low": 70,
                "up": 100,
                "value": 0.0
            },
            {
                "low": 100,
                "up": 200,
                "value": 0.0
            },
            {
                "low": 200,
                "up": 400,
                "value": 0.0
            },
            {
                "low": 400,
                "up": 600,
                "value": 0.0
            },
            {
                "low": 600,
                "up": 800,
                "value": 0.0
            },
            {
                "low": 800,
                "up": 1200,
                "value": 0.0
            },
            {
                "low": 1200,
                "up": 2500,
                "value": 0.0
            },
            {
                "low": 2500,
                "up": 1000000,
                "value": 0.0
            }
        ],
        "1": [
            {
                "low": 0,
                "up": 70,
                "value": 208.04767044112992
            },
            {
                "low": 70,
                "up": 100,
                "value": 96.82700771745318
            },
            {
                "low": 100,
                "up": 200,
                "value": 38.615847814391586
            },
            {
                "low": 200,
                "up": 400,
                "value": 11.686588481802046
            },
            {
                "low": 400,
                "up": 600,
                "value": 7.028294094313689
            },
            {
                "low": 600,
                "up": 800,
                "value": 0.8744107736174904
            },
            {
                "low": 800,
                "up": 1200,
                "value": 0.9805154412261069
            },
            {
                "low": 1200,
                "up": 2500,
                "value": 0.07412321941915666
            },
            {
                "low": 2500,
                "up": 1000000,
                "value": 0.0014164091335181074
            }
        ],
        "2": [
            {
                "low": 0,
                "up": 70,
                "value": 64.21159317975867
            },
            {
                "low": 70,
                "up": 100,
                "value": 47.172740463398306
            },
            {
                "low": 100,
                "up": 200,
                "value": 27.45031308929876
            },
            {
                "low": 200,
                "up": 400,
                "value": 11.028034395968145
            },
            {
                "low": 400,
                "up": 600,
                "value": 7.679449643560556
            },
            {
                "low": 600,
                "up": 800,
                "value": 0.792208312611569
            },
            {
                "low": 800,
                "up": 1200,
                "value": 0.8179138262620448
            },
            {
                "low": 1200,
                "up": 2500,
                "value": 0.18753814050481887
            },
            {
                "low": 2500,
                "up": 1000000,
                "value": 0.002304334042400506
            }
        ],
        "3": [
            {
                "low": 0,
                "up": 70,
                "value": 22.46301233576724
            },
            {
                "low": 70,
                "up": 100,
                "value": 19.537272886478366
            },
            {
                "low": 100,
                "up": 200,
                "value": 15.421278246615877
            },
            {
                "low": 200,
                "up": 400,
                "value": 8.689623809930152
            },
            {
                "low": 400,
                "up": 600,
                "value": 6.828528201871068
            },
            {
                "low": 600,
                "up": 800,
                "value": 0.8550331563550523
            },
            {
                "low": 800,
                "up": 1200,
                "value": 0.8365005682876794
            },
            {
                "low": 1200,
                "up": 2500,
                "value": 0.20906330329615416
            },
            {
                "low": 2500,
                "up": 1000000,
                "value": 0.00721153961853682
            }
        ],
        "4": [
            {
                "low": 0,
                "up": 70,
                "value": 25.725474087620245
            },
            {
                "low": 70,
                "up": 100,
                "value": 21.72592922555847
            },
            {
                "low": 100,
                "up": 200,
                "value": 16.908452872239913
            },
            {
                "low": 200,
                "up": 400,
                "value": 9.245190819211276
            },
            {
                "low": 400,
                "up": 600,
                "value": 7.173325225928773
            },
            {
                "low": 600,
                "up": 800,
                "value": 0.9050859173934817
            },
            {
                "low": 800,
                "up": 1200,
                "value": 0.9016730333379062
            },
            {
                "low": 1200,
                "up": 2500,
                "value": 0.20605069916775134
            },
            {
                "low": 2500,
                "up": 1000000,
                "value": 0.0061600002564098835
            }
        ]
    },
    "WJetsToLNu_HT-800To1200": {
        "0": [
            {
                "low": 0,
                "up": 70,
                "value": 843.0760965979616
            },
            {
                "low": 70,
                "up": 100,
                "value": 0.0
            },
            {
                "low": 100,
                "up": 200,
                "value": 0.0
            },
            {
                "low": 200,
                "up": 400,
                "value": 0.0
            },
            {
                "low": 400,
                "up": 600,
                "value": 0.0
            },
            {
                "low": 600,
                "up": 800,
                "value": 0.0
            },
            {
                "low": 800,
                "up": 1200,
                "value": 0.0
            },
            {
                "low": 1200,
                "up": 2500,
                "value": 0.0
            },
            {
                "low": 2500,
                "up": 1000000,
                "value": 0.0
            }
        ],
        "1": [
            {
                "low": 0,
                "up": 70,
                "value": 208.60643170627054
            },
            {
                "low": 70,
                "up": 100,
                "value": 97.08705956623027
            },
            {
                "low": 100,
                "up": 200,
                "value": 38.71955981430725
            },
            {
                "low": 200,
                "up": 400,
                "value": 11.717975581457733
            },
            {
                "low": 400,
                "up": 600,
                "value": 7.04717024174467
            },
            {
                "low": 600,
                "up": 800,
                "value": 0.876759210728481
            },
            {
                "low": 800,
                "up": 1200,
                "value": 0.9831488475375918
            },
            {
                "low": 1200,
                "up": 2500,
                "value": 0.0743222948703315
            },
            {
                "low": 2500,
                "up": 1000000,
                "value": 0.0014202132355189765
            }
        ],
        "2": [
            {
                "low": 0,
                "up": 70,
                "value": 64.38404861252434
            },
            {
                "low": 70,
                "up": 100,
                "value": 47.299434023992326
            },
            {
                "low": 100,
                "up": 200,
                "value": 27.52403740275904
            },
            {
                "low": 200,
                "up": 400,
                "value": 11.057652792742498
            },
            {
                "low": 400,
                "up": 600,
                "value": 7.700074623351587
            },
            {
                "low": 600,
                "up": 800,
                "value": 0.7943359755556969
            },
            {
                "low": 800,
                "up": 1200,
                "value": 0.8201105274477353
            },
            {
                "low": 1200,
                "up": 2500,
                "value": 0.18804181857258287
            },
            {
                "low": 2500,
                "up": 1000000,
                "value": 0.0023105228769214996
            }
        ],
        "3": [
            {
                "low": 0,
                "up": 70,
                "value": 22.52334207252896
            },
            {
                "low": 70,
                "up": 100,
                "value": 19.589744857408387
            },
            {
                "low": 100,
                "up": 200,
                "value": 15.462695739659148
            },
            {
                "low": 200,
                "up": 400,
                "value": 8.712961851559445
            },
            {
                "low": 400,
                "up": 600,
                "value": 6.846867830712071
            },
            {
                "low": 600,
                "up": 800,
                "value": 0.8573295502880826
            },
            {
                "low": 800,
                "up": 1200,
                "value": 0.8387471885686766
            },
            {
                "low": 1200,
                "up": 2500,
                "value": 0.2096247922837335
            },
            {
                "low": 2500,
                "up": 1000000,
                "value": 0.007230907915198452
            }
        ],
        "4": [
            {
                "low": 0,
                "up": 70,
                "value": 25.79456593766145
            },
            {
                "low": 70,
                "up": 100,
                "value": 21.78427935115559
            },
            {
                "low": 100,
                "up": 200,
                "value": 16.95386452476373
            },
            {
                "low": 200,
                "up": 400,
                "value": 9.270020967550142
            },
            {
                "low": 400,
                "up": 600,
                "value": 7.192590888793473
            },
            {
                "low": 600,
                "up": 800,
                "value": 0.907516739864079
            },
            {
                "low": 800,
                "up": 1200,
                "value": 0.9040946897005214
            },
            {
                "low": 1200,
                "up": 2500,
                "value": 0.20660409709384184
            },
            {
                "low": 2500,
                "up": 1000000,
                "value": 0.00617654439520865
            }
        ]
    },
    "WJetsToLNu_HT-1200To2500": {
        "0": [
            {
                "low": 0,
                "up": 70,
                "value": 3781.171800775968
            },
            {
                "low": 70,
                "up": 100,
                "value": 0.0
            },
            {
                "low": 100,
                "up": 200,
                "value": 0.0
            },
            {
                "low": 200,
                "up": 400,
                "value": 0.0
            },
            {
                "low": 400,
                "up": 600,
                "value": 0.0
            },
            {
                "low": 600,
                "up": 800,
                "value": 0.0
            },
            {
                "low": 800,
                "up": 1200,
                "value": 0.0
            },
            {
                "low": 1200,
                "up": 2500,
                "value": 0.0
            },
            {
                "low": 2500,
                "up": 1000000,
                "value": 0.0
            }
        ],
        "1": [
            {
                "low": 0,
                "up": 70,
                "value": 935.5937859122965
            },
            {
                "low": 70,
                "up": 100,
                "value": 435.43264164818
            },
            {
                "low": 100,
                "up": 200,
                "value": 173.6561009131936
            },
            {
                "low": 200,
                "up": 400,
                "value": 52.55478006028488
            },
            {
                "low": 400,
                "up": 600,
                "value": 31.606353804690393
            },
            {
                "low": 600,
                "up": 800,
                "value": 3.9322395891127226
            },
            {
                "low": 800,
                "up": 1200,
                "value": 4.409394019443157
            },
            {
                "low": 1200,
                "up": 2500,
                "value": 0.3333333333333333
            },
            {
                "low": 2500,
                "up": 1000000,
                "value": 0.0063696151022462
            }
        ],
        "2": [
            {
                "low": 0,
                "up": 70,
                "value": 288.7605875861512
            },
            {
                "low": 70,
                "up": 100,
                "value": 212.13658748703702
            },
            {
                "low": 100,
                "up": 200,
                "value": 123.44450814200337
            },
            {
                "low": 200,
                "up": 400,
                "value": 49.593251536139746
            },
            {
                "low": 400,
                "up": 600,
                "value": 34.53461098846916
            },
            {
                "low": 600,
                "up": 800,
                "value": 3.562573773865826
            },
            {
                "low": 800,
                "up": 1200,
                "value": 3.678171890317095
            },
            {
                "low": 1200,
                "up": 2500,
                "value": 0.8433620934366794
            },
            {
                "low": 2500,
                "up": 1000000,
                "value": 0.010362627979274225
            }
        ],
        "3": [
            {
                "low": 0,
                "up": 70,
                "value": 101.01653486267678
            },
            {
                "low": 70,
                "up": 100,
                "value": 87.8594365777061
            },
            {
                "low": 100,
                "up": 200,
                "value": 69.34974118078824
            },
            {
                "low": 200,
                "up": 400,
                "value": 39.07738078127952
            },
            {
                "low": 400,
                "up": 600,
                "value": 30.708003310256824
            },
            {
                "low": 600,
                "up": 800,
                "value": 3.8450981264946447
            },
            {
                "low": 800,
                "up": 1200,
                "value": 3.761756774025078
            },
            {
                "low": 1200,
                "up": 2500,
                "value": 0.9401611035175083
            },
            {
                "low": 2500,
                "up": 1000000,
                "value": 0.032430411932310305
            }
        ],
        "4": [
            {
                "low": 0,
                "up": 70,
                "value": 115.68787886445409
            },
            {
                "low": 70,
                "up": 100,
                "value": 97.70186002805819
            },
            {
                "low": 100,
                "up": 200,
                "value": 76.03758986157416
            },
            {
                "low": 200,
                "up": 400,
                "value": 41.57577473320016
            },
            {
                "low": 400,
                "up": 600,
                "value": 32.25856118204383
            },
            {
                "low": 600,
                "up": 800,
                "value": 4.070186213739335
            },
            {
                "low": 800,
                "up": 1200,
                "value": 4.0548384181708235
            },
            {
                "low": 1200,
                "up": 2500,
                "value": 0.9266133733459994
            },
            {
                "low": 2500,
                "up": 1000000,
                "value": 0.027701622175798586
            }
        ]
    },
    "WJetsToLNu_HT-2500ToInf": {
        "0": [
            {
                "low": 0,
                "up": 70,
                "value": 197875.47285458236
            },
            {
                "low": 70,
                "up": 100,
                "value": 0.0
            },
            {
                "low": 100,
                "up": 200,
                "value": 0.0
            },
            {
                "low": 200,
                "up": 400,
                "value": 0.0
            },
            {
                "low": 400,
                "up": 600,
                "value": 0.0
            },
            {
                "low": 600,
                "up": 800,
                "value": 0.0
            },
            {
                "low": 800,
                "up": 1200,
                "value": 0.0
            },
            {
                "low": 1200,
                "up": 2500,
                "value": 0.0
            },
            {
                "low": 2500,
                "up": 1000000,
                "value": 0.0
            }
        ],
        "1": [
            {
                "low": 0,
                "up": 70,
                "value": 48961.29362575172
            },
            {
                "low": 70,
                "up": 100,
                "value": 22786.967744965084
            },
            {
                "low": 100,
                "up": 200,
                "value": 9087.733880600046
            },
            {
                "low": 200,
                "up": 400,
                "value": 2750.2854943177435
            },
            {
                "low": 400,
                "up": 600,
                "value": 1654.0169380901643
            },
            {
                "low": 600,
                "up": 800,
                "value": 205.7811199992312
            },
            {
                "low": 800,
                "up": 1200,
                "value": 230.75146345384957
            },
            {
                "low": 1200,
                "up": 2500,
                "value": 17.44392860911306
            },
            {
                "low": 2500,
                "up": 1000000,
                "value": 0.33333333333333326
            }
        ],
        "2": [
            {
                "low": 0,
                "up": 70,
                "value": 15111.357224935078
            },
            {
                "low": 70,
                "up": 100,
                "value": 11101.486462514222
            },
            {
                "low": 100,
                "up": 200,
                "value": 6460.071561648548
            },
            {
                "low": 200,
                "up": 400,
                "value": 2595.303417870625
            },
            {
                "low": 400,
                "up": 600,
                "value": 1807.2578658790424
            },
            {
                "low": 600,
                "up": 800,
                "value": 186.4358477280419
            },
            {
                "low": 800,
                "up": 1200,
                "value": 192.48530360021348
            },
            {
                "low": 1200,
                "up": 2500,
                "value": 44.13464444862472
            },
            {
                "low": 2500,
                "up": 1000000,
                "value": 0.5422948280197714
            }
        ],
        "3": [
            {
                "low": 0,
                "up": 70,
                "value": 5286.3756674535425
            },
            {
                "low": 70,
                "up": 100,
                "value": 4597.841217895206
            },
            {
                "low": 100,
                "up": 200,
                "value": 3629.1958026544144
            },
            {
                "low": 200,
                "up": 400,
                "value": 2044.9891217393
            },
            {
                "low": 400,
                "up": 600,
                "value": 1607.0046524175827
            },
            {
                "low": 600,
                "up": 800,
                "value": 201.22085164082085
            },
            {
                "low": 800,
                "up": 1200,
                "value": 196.85944983282272
            },
            {
                "low": 1200,
                "up": 2500,
                "value": 49.2003095124731
            },
            {
                "low": 2500,
                "up": 1000000,
                "value": 1.6971413715340478
            }
        ],
        "4": [
            {
                "low": 0,
                "up": 70,
                "value": 6054.153299553771
            },
            {
                "low": 70,
                "up": 100,
                "value": 5112.912813921012
            },
            {
                "low": 100,
                "up": 200,
                "value": 3979.1828674629555
            },
            {
                "low": 200,
                "up": 400,
                "value": 2175.7345389435304
            },
            {
                "low": 400,
                "up": 600,
                "value": 1688.1481148768348
            },
            {
                "low": 600,
                "up": 800,
                "value": 213.00011321479545
            },
            {
                "low": 800,
                "up": 1200,
                "value": 212.1969356641823
            },
            {
                "low": 1200,
                "up": 2500,
                "value": 48.491332598691116
            },
            {
                "low": 2500,
                "up": 1000000,
                "value": 1.449675358773761
            }
        ]
    }
}